code,name,codename,division_type,short_codename,phone_code,level,parent_code
1,Thành phố Hà Nội,ha_noi,thành phố trung ương,,24,1,
4,Phường Ba Đình,phuong_ba_dinh,phường,ba_dinh,,2,1
8,Phường Ngọc Hà,phuong_ngoc_ha,phường,ngoc_ha,,2,1
25,Phường Giảng Võ,phuong_giang_vo,phường,giang_vo,,2,1
70,Phường Hoàn Kiếm,phuong_hoan_kiem,phường,hoan_kiem,,2,1
82,Phường Cửa Nam,phuong_cua_nam,phường,cua_nam,,2,1
91,Phường Phú Thượng,phuong_phu_thuong,phường,phu_thuong,,2,1
97,Phường Hồng Hà,phuong_hong_ha,phường,hong_ha,,2,1
103,Phường Tây Hồ,phuong_tay_ho,phường,tay_h    o,,2,1
118,Phường Bồ Đề,phuong_bo_de,phường,bo_de,,2,1
127,Phường Việt Hưng,phuong_viet_hung,phường,viet_hung,,2,1
136,Phường Phúc Lợi,phuong_phuc_loi,phường,phuc_loi,,2,1
145,Phường Long Biên,phuong_long_bien,phường,long_bien,,2,1
160,Phường Nghĩa Đô,phuong_nghia_do,phường,nghia_do,,2,1
166,Phường Cầu Giấy,phuong_cau_giay,phường,cau_giay,,2,1
175,Phường Yên Hòa,phuong_yen_hoa,phường,yen_hoa,,2,1
190,Phường Ô Chợ Dừa,phuong_o_cho_dua,phường,o_cho_dua,,2,1
199,Phường Láng,phuong_lang,phường,lang,,2,1
226,Phường Văn Miếu - Quốc Tử Giám,phuong_van_mieu_quoc_tu_giam,phường,van_mieu_quoc_tu_giam,,2,1
229,Phường Kim Liên,phuong_kim_lien,phường,kim_lien,,2,1
235,Phường Đống Đa,phuong_dong_da,phường,dong_da,,2,1
256,Phường Hai Bà Trưng,phuong_hai_ba_trung,phường,hai_ba_trung,,2,1
283,Phường Vĩnh Tuy,phuong_vinh_tuy,phường,vinh_tuy,,2,1
292,Phường Bạch Mai,phuong_bach_mai,phường,bach_mai,,2,1
301,Phường Vĩnh Hưng,phuong_vinh_hung,phường,vinh_hung,,2,1
316,Phường Định Công,phuong_dinh_cong,phường,dinh_cong,,2,1
322,Phường Tương Mai,phuong_tuong_mai,phường,tuong_mai,,2,1
328,Phường Lĩnh Nam,phuong_linh_nam,phường,linh_nam,,2,1
331,Phường Hoàng Mai,phuong_hoang_mai,phường,hoang_mai,,2,1
337,Phường Hoàng Liệt,phuong_hoang_liet,phường,hoang_liet,,2,1
340,Phường Yên Sở,phuong_yen_so,phường,yen_so,,2,1
352,Phường Phương Liệt,phuong_phuong_liet,phường,phuong_liet,,2,1
364,Phường Khương Đình,phuong_khuong_dinh,phường,khuong_dinh,,2,1
367,Phường Thanh Xuân,phuong_thanh_xuan,phường,thanh_xuan,,2,1
376,Xã Sóc Sơn,xa_soc_son,xã,soc_son,,2,1
382,Xã Kim Anh,xa_kim_anh,xã,kim_anh,,2,1
385,Xã Trung Giã,xa_trung_gia,xã,trung_gia,,2,1
430,Xã Đa Phúc,xa_da_phuc,xã,da_phuc,,2,1
433,Xã Nội Bài,xa_noi_bai,xã,noi_bai,,2,1
454,Xã Đông Anh,xa_dong_anh,xã,dong_anh,,2,1
466,Xã Phúc Thịnh,xa_phuc_thinh,xã,phuc_thinh,,2,1
475,Xã Thư Lâm,xa_thu_lam,xã,thu_lam,,2,1
493,Xã Thiên Lộc,xa_thien_loc,xã,thien_loc,,2,1
508,Xã Vĩnh Thanh,xa_vinh_thanh,xã,vinh_thanh,,2,1
541,Xã Phù Đổng,xa_phu_dong,xã,phu_dong,,2,1
562,Xã Thuận An,xa_thuan_an,xã,thuan_an,,2,1
565,Xã Gia Lâm,xa_gia_lam,xã,gia_lam,,2,1
577,Xã Bát Tràng,xa_bat_trang,xã,bat_trang,,2,1
592,Phường Từ Liêm,phuong_tu_liem,phường,tu_liem,,2,1
598,Phường Thượng Cát,phuong_thuong_cat,phường,thuong_cat,,2,1
602,Phường Đông Ngạc,phuong_dong_ngac,phường,dong_ngac,,2,1
611,Phường Xuân Đỉnh,phuong_xuan_dinh,phường,xuan_dinh,,2,1
613,Phường Tây Tựu,phuong_tay_tuu,phường,tay_tuu,,2,1
619,Phường Phú Diễn,phuong_phu_dien,phường,phu_dien,,2,1
622,Phường Xuân Phương,phuong_xuan_phuong,phường,xuan_phuong,,2,1
634,Phường Tây Mỗ,phuong_tay_mo,phường,tay_mo,,2,1
637,Phường Đại Mỗ,phuong_dai_mo,phường,dai_mo,,2,1
640,Xã Thanh Trì,xa_thanh_tri,xã,thanh_tri,,2,1
643,Phường Thanh Liệt,phuong_thanh_liet,phường,thanh_liet,,2,1
664,Xã Đại Thanh,xa_dai_thanh,xã,dai_thanh,,2,1
679,Xã Ngọc Hồi,xa_ngoc_hoi,xã,ngoc_hoi,,2,1
685,Xã Nam Phù,xa_nam_phu,xã,nam_phu,,2,1
4930,Xã Yên Xuân,xa_yen_xuan,xã,yen_xuan,,2,1
8974,Xã Quang Minh,xa_quang_minh,xã,quang_minh,,2,1
8980,Xã Yên Lãng,xa_yen_lang,xã,yen_lang,,2,1
8995,Xã Tiến Thắng,xa_tien_thang,xã,tien_thang,,2,1
9022,Xã Mê Linh,xa_me_linh,xã,me_linh,,2,1
9552,Phường Kiến Hưng,phuong_kien_hung,phường,kien_hung,,2,1
9556,Phường Hà Đông,phuong_ha_dong,phường,ha_dong,,2,1
9562,Phường Yên Nghĩa,phuong_yen_nghia,phường,yen_nghia,,2,1
9568,Phường Phú Lương,phuong_phu_luong,phường,phu_luong,,2,1
9574,Phường Sơn Tây,phuong_son_tay,phường,son_tay,,2,1
9604,Phường Tùng Thiện,phuong_tung_thien,phường,tung_thien,,2,1
9616,Xã Đoài Phương,xa_doai_phuong,xã,doai_phuong,,2,1
9619,Xã Quảng Oai,xa_quang_oai,xã,quang_oai,,2,1
9634,Xã Cổ Đô,xa_co_do,xã,co_do,,2,1
9661,Xã Minh Châu,xa_minh_chau,xã,minh_chau,,2,1
9664,Xã Vật Lại,xa_vat_lai,xã,vat_lai,,2,1
9676,Xã Bất Bạt,xa_bat_bat,xã,bat_bat,,2,1
9694,Xã Suối Hai,xa_suoi_hai,xã,suoi_hai,,2,1
9700,Xã Ba Vì,xa_ba_vi,xã,ba_vi,,2,1
9706,Xã Yên Bài,xa_yen_bai,xã,yen_bai,,2,1
9715,Xã Phúc Thọ,xa_phuc_tho,xã,phuc_tho,,2,1
9739,Xã Phúc Lộc,xa_phuc_loc,xã,phuc_loc,,2,1
9772,Xã Hát Môn,xa_hat_mon,xã,hat_mon,,2,1
9784,Xã Đan Phượng,xa_dan_phuong,xã,dan_phuong,,2,1
9787,Xã Liên Minh,xa_lien_minh,xã,lien_minh,,2,1
9817,Xã Ô Diên,xa_o_dien,xã,o_dien,,2,1
9832,Xã Hoài Đức,xa_hoai_duc,xã,hoai_duc,,2,1
9856,Xã Dương Hòa,xa_duong_hoa,xã,duong_hoa,,2,1
9871,Xã Sơn Đồng,xa_son_dong,xã,son_dong,,2,1
9877,Xã An Khánh,xa_an_khanh,xã,an_khanh,,2,1
9886,Phường Dương Nội,phuong_duong_noi,phường,duong_noi,,2,1
9895,Xã Quốc Oai,xa_quoc_oai,xã,quoc_oai,,2,1
9910,Xã Kiều Phú,xa_kieu_phu,xã,kieu_phu,,2,1
9931,Xã Hưng Đạo,xa_hung_dao,xã,hung_dao,,2,1
9952,Xã Phú Cát,xa_phu_cat,xã,phu_cat,,2,1
9955,Xã Thạch Thất,xa_thach_that,xã,thach_that,,2,1
9982,Xã Hạ Bằng,xa_ha_bang,xã,ha_bang,,2,1
9988,Xã Hòa Lạc,xa_hoa_lac,xã,hoa_lac,,2,1
10003,Xã Tây Phương,xa_tay_phuong,xã,tay_phuong,,2,1
10015,Phường Chương Mỹ,phuong_chuong_my,phường,chuong_my,,2,1
10030,Xã Phú Nghĩa,xa_phu_nghia,xã,phu_nghia,,2,1
10045,Xã Xuân Mai,xa_xuan_mai,xã,xuan_mai,,2,1
10072,Xã Quảng Bị,xa_quang_bi,xã,quang_bi,,2,1
10081,Xã Trần Phú,xa_tran_phu,xã,tran_phu,,2,1
10096,Xã Hòa Phú,xa_hoa_phu,xã,hoa_phu,,2,1
10114,Xã Thanh Oai,xa_thanh_oai,xã,thanh_oai,,2,1
10126,Xã Bình Minh,xa_binh_minh,xã,binh_minh,,2,1
10144,Xã Tam Hưng,xa_tam_hung,xã,tam_hung,,2,1
10180,Xã Dân Hòa,xa_dan_hoa,xã,dan_hoa,,2,1
10183,Xã Thường Tín,xa_thuong_tin,xã,thuong_tin,,2,1
10210,Xã Hồng Vân,xa_hong_van,xã,hong_van,,2,1
10231,Xã Thượng Phúc,xa_thuong_phuc,xã,thuong_phuc,,2,1
10237,Xã Chương Dương,xa_chuong_duong,xã,chuong_duong,,2,1
10273,Xã Phú Xuyên,xa_phu_xuyen,xã,phu_xuyen,,2,1
10279,Xã Phượng Dực,xa_phuong_duc,xã,duc,,2,1
10330,Xã Chuyên Mỹ,xa_chuyen_my,xã,chuyen_my,,2,1
10342,Xã Đại Xuyên,xa_dai_xuyen,xã,dai_xuyen,,2,1
10354,Xã Vân Đình,xa_van_dinh,xã,van_dinh,,2,1
10369,Xã Ứng Thiên,xa_ung_thien,xã,ung_thien,,2,1
10402,Xã Ứng Hòa,xa_ung_hoa,xã,ung_hoa,,2,1
10417,Xã Hòa Xá,xa_hoa_xa,xã,hoa_xa,,2,1
10441,Xã Mỹ Đức,xa_my_duc,xã,my_duc,,2,1
10459,Xã Phúc Sơn,xa_phuc_son,xã,phuc_son,,2,1
10465,Xã Hồng Sơn,xa_hong_son,xã,hong_son,,2,1
10489,Xã Hương Sơn,xa_huong_son,xã,huong_son,,2,1
4,Tỉnh Cao Bằng,cao_bang,tỉnh,,206,1,
1273,Phường Thục Phán,phuong_thuc_phan,phường,thuc_phan,,2,4
1279,Phường Nùng Trí Cao,phuong_nung_tri_cao,phường,nung_tri_cao,,2,4
1288,Phường Tân Giang,phuong_tan_giang,phường,tan_giang,,2,4
1290,Xã Bảo Lâm,xa_bao_lam,xã,bao_lam,,2,4
1294,Xã Lý Bôn,xa_ly_bon,xã,ly_bon,,2,4
1297,Xã Nam Quang,xa_nam_quang,xã,nam_quang,,2,4
1304,Xã Quảng Lâm,xa_quang_lam,xã,quang_lam,,2,4
1318,Xã Yên Thổ,xa_yen_tho,xã,yen_tho,,2,4
1321,Xã Bảo Lạc,xa_bao_lac,xã,bao_lac,,2,4
1324,Xã Cốc Pàng,xa_coc_pang,xã,coc_pang,,2,4
1327,Xã Cô Ba,xa_co_ba,xã,co_ba,,2,4
1336,Xã Khánh Xuân,xa_khanh_xuan,xã,khanh_xuan,,2,4
1339,Xã Xuân Trường,xa_xuan_truong,xã,xuan_truong,,2,4
1351,Xã Hưng Đạo,xa_hung_dao,xã,hung_dao,,2,4
1354,Xã Huy Giáp,xa_huy_giap,xã,huy_giap,,2,4
1360,Xã Sơn Lộ,xa_son_lo,xã,son_lo,,2,4
1363,Xã Thông Nông,xa_thong_nong,xã,thong_nong,,2,4
1366,Xã Cần Yên,xa_can_yen,xã,can_yen,,2,4
1387,Xã Thanh Long,xa_thanh_long,xã,thanh_long,,2,4
1392,Xã Trường Hà,xa_truong_ha,xã,truong_ha,,2,4
1393,Xã Lũng Nặm,xa_lung_nam,xã,lung_nam,,2,4
1414,Xã Tổng Cọt,xa_tong_cot,xã,tong_cot,,2,4
1438,Xã Hà Quảng,xa_ha_quang,xã,ha_quang,,2,4
1447,Xã Trà Lĩnh,xa_tra_linh,xã,tra_linh,,2,4
1456,Xã Quang Hán,xa_quang_han,xã,quang_han,,2,4
1465,Xã Quang Trung,xa_quang_trung,xã,quang_trung,,2,4
1477,Xã Trùng Khánh,xa_trung_khanh,xã,trung_khanh,,2,4
1489,Xã Đình Phong,xa_dinh_phong,xã,dinh_phong,,2,4
1501,Xã Đàm Thủy,xa_dam_thuy,xã,dam_thuy,,2,4
1525,Xã Đoài Dương,xa_doai_duong,xã,doai_duong,,2,4
1537,Xã Lý Quốc,xa_ly_quoc,xã,ly_quoc,,2,4
1552,Xã Quang Long,xa_quang_long,xã,quang_long,,2,4
1558,Xã Hạ Lang,xa_ha_lang,xã,ha_lang,,2,4
1561,Xã Vinh Quý,xa_vinh_quy,xã,vinh_quy,,2,4
1576,Xã Quảng Uyên,xa_quang_uyen,xã,quang_uyen,,2,4
1594,Xã Độc Lập,xa_doc_lap,xã,doc_lap,,2,4
1618,Xã Hạnh Phúc,xa_hanh_phuc,xã,hanh_phuc,,2,4
1636,Xã Bế Văn Đàn,xa_be_van_dan,xã,be_van_dan,,2,4
1648,Xã Phục Hòa,xa_phuc_hoa,xã,phuc_hoa,,2,4
1654,Xã Hòa An,xa_hoa_an,xã,hoa_an,,2,4
1660,Xã Nam Tuấn,xa_nam_tuan,xã,nam_tuan,,2,4
1699,Xã Nguyễn Huệ,xa_nguyen_hue,xã,nguyen_hue,,2,4
1708,Xã Bạch Đằng,xa_bach_dang,xã,bach_dang,,2,4
1726,Xã Nguyên Bình,xa_nguyen_binh,xã,nguyen_binh,,2,4
1729,Xã Tĩnh Túc,xa_tinh_tuc,xã,tinh_tuc,,2,4
1738,Xã Ca Thành,xa_ca_thanh,xã,ca_thanh,,2,4
1747,Xã Minh Tâm,xa_minh_tam,xã,minh_tam,,2,4
1768,Xã Phan Thanh,xa_phan_thanh,xã,phan_thanh,,2,4
1774,Xã Tam Kim,xa_tam_kim,xã,tam_kim,,2,4
1777,Xã Thành Công,xa_thanh_cong,xã,thanh_cong,,2,4
1786,Xã Đông Khê,xa_dong_khe,xã,dong_khe,,2,4
1789,Xã Canh Tân,xa_canh_tan,xã,canh_tan,,2,4
1792,Xã Kim Đồng,xa_kim_dong,xã,kim_dong,,2,4
1795,Xã Minh Khai,xa_minh_khai,xã,minh_khai,,2,4
1807,Xã Thạch An,xa_thach_an,xã,thach_an,,2,4
1822,Xã Đức Long,xa_duc_long,xã,duc_long,,2,4
8,Tỉnh Tuyên Quang,tuyen_quang,tỉnh,,207,1,
691,Phường Hà Giang 2,phuong_ha_giang_2,phường,ha_giang_2,,2,8
694,Phường Hà Giang 1,phuong_ha_giang_1,phường,ha_giang_1,,2,8
700,Xã Ngọc Đường,xa_ngoc_duong,xã,ngoc_duong,,2,8
706,Xã Phú Linh,xa_phu_linh,xã,phu_linh,,2,8
715,Xã Lũng Cú,xa_lung_cu,xã,lung_cu,,2,8
721,Xã Đồng Văn,xa_dong_van,xã,dong_van,,2,8
733,Xã Sà Phìn,xa_sa_phin,xã,sa_phin,,2,8
745,Xã Phố Bảng,xa_pho_bang,xã,pho_bang,,2,8
763,Xã Lũng Phìn,xa_lung_phin,xã,lung_phin,,2,8
769,Xã Mèo Vạc,xa_meo_vac,xã,meo_vac,,2,8
778,Xã Sơn Vĩ,xa_son_vi,xã,son_vi,,2,8
787,Xã Sủng Máng,xa_sung_mang,xã,sung_mang,,2,8
802,Xã Khâu Vai,xa_khau_vai,xã,khau_vai,,2,8
808,Xã Tát Ngà,xa_tat_nga,xã,tat_nga,,2,8
817,Xã Niêm Sơn,xa_niem_son,xã,niem_son,,2,8
820,Xã Yên Minh,xa_yen_minh,xã,yen_minh,,2,8
829,Xã Thắng Mố,xa_thang_mo,xã,thang_mo,,2,8
832,Xã Bạch Đích,xa_bach_dich,xã,bach_dich,,2,8
847,Xã Mậu Duệ,xa_mau_due,xã,mau_due,,2,8
859,Xã Ngọc Long,xa_ngoc_long,xã,ngoc_long,,2,8
865,Xã Đường Thượng,xa_duong_thuong,xã,duong_thuong,,2,8
871,Xã Du Già,xa_du_gia,xã,du_gia,,2,8
874,Xã Quản Bạ,xa_quan_ba,xã,quan_ba,,2,8
883,Xã Cán Tỷ,xa_can_ty,xã,can_ty,,2,8
889,Xã Nghĩa Thuận,xa_nghia_thuan,xã,nghia_thuan,,2,8
892,Xã Tùng Vài,xa_tung_vai,xã,tung_vai,,2,8
901,Xã Lùng Tám,xa_lung_tam,xã,lung_tam,,2,8
913,Xã Vị Xuyên,xa_vi_xuyen,xã,vi_xuyen,,2,8
919,Xã Minh Tân,xa_minh_tan,xã,minh_tan,,2,8
922,Xã Thuận Hoà,xa_thuan_hoa,xã,thuan_hoa,,2,8
925,Xã Tùng Bá,xa_tung_ba,xã,tung_ba,,2,8
928,Xã Thanh Thủy,xa_thanh_thuy,xã,thanh_thuy,,2,8
937,Xã Lao Chải,xa_lao_chai,xã,lao_chai,,2,8
952,Xã Cao Bồ,xa_cao_bo,xã,cao_bo,,2,8
958,Xã Thượng Sơn,xa_thuong_son,xã,thuong_son,,2,8
967,Xã Việt Lâm,xa_viet_lam,xã,viet_lam,,2,8
970,Xã Linh Hồ,xa_linh_ho,xã,linh_ho,,2,8
976,Xã Bạch Ngọc,xa_bach_ngoc,xã,bach_ngoc,,2,8
982,Xã Minh Sơn,xa_minh_son,xã,minh_son,,2,8
985,Xã Giáp Trung,xa_giap_trung,xã,giap_trung,,2,8
991,Xã Bắc Mê,xa_bac_me,xã,bac_me,,2,8
994,Xã Minh Ngọc,xa_minh_ngoc,xã,minh_ngoc,,2,8
1006,Xã Yên Cường,xa_yen_cuong,xã,yen_cuong,,2,8
1012,Xã Đường Hồng,xa_duong_hong,xã,duong_hong,,2,8
1021,Xã Hoàng Su Phì,xa_hoang_su_phi,xã,hoang_su_phi,,2,8
1024,Xã Bản Máy,xa_ban_may,xã,ban_may,,2,8
1033,Xã Thàng Tín,xa_thang_tin,xã,thang_tin,,2,8
1051,Xã Tân Tiến,xa_tan_tien,xã,tan_tien,,2,8
1057,Xã Pờ Ly Ngài,xa_po_ly_ngai,xã,po_ly_ngai,,2,8
1075,Xã Nậm Dịch,xa_nam_dich,xã,nam_dich,,2,8
1084,Xã Hồ Thầu,xa_ho_thau,xã,ho_thau,,2,8
1090,Xã Thông Nguyên,xa_thong_nguyen,xã,thong_nguyen,,2,8
1096,Xã Pà Vầy Sủ,xa_pa_vay_su,xã,pa_vay_su,,2,8
1108,Xã Xín Mần,xa_xin_man,xã,xin_man,,2,8
1117,Xã Trung Thịnh,xa_trung_thinh,xã,trung_thinh,,2,8
1141,Xã Nấm Dẩn,xa_nam_dan,xã,nam_dan,,2,8
1144,Xã Quảng Nguyên,xa_quang_nguyen,xã,quang_nguyen,,2,8
1147,Xã Khuôn Lùng,xa_khuon_lung,xã,khuon_lung,,2,8
1153,Xã Bắc Quang,xa_bac_quang,xã,bac_quang,,2,8
1156,Xã Vĩnh Tuy,xa_vinh_tuy,xã,vinh_tuy,,2,8
1165,Xã Đồng Tâm,xa_dong_tam,xã,dong_tam,,2,8
1171,Xã Tân Quang,xa_tan_quang,xã,tan_quang,,2,8
1180,Xã Bằng Hành,xa_bang_hanh,xã,bang_hanh,,2,8
1192,Xã Liên Hiệp,xa_lien_hiep,xã,lien_hiep,,2,8
1201,Xã Hùng An,xa_hung_an,xã,hung_an,,2,8
1216,Xã Đồng Yên,xa_dong_yen,xã,dong_yen,,2,8
1225,Xã Tiên Nguyên,xa_tien_nguyen,xã,tien_nguyen,,2,8
1234,Xã Yên Thành,xa_yen_thanh,xã,yen_thanh,,2,8
1237,Xã Quang Bình,xa_quang_binh,xã,quang_binh,,2,8
1243,Xã Tân Trịnh,xa_tan_trinh,xã,tan_trinh,,2,8
1246,Xã Bằng Lang,xa_bang_lang,xã,bang_lang,,2,8
1255,Xã Xuân Giang,xa_xuan_giang,xã,xuan_giang,,2,8
1261,Xã Tiên Yên,xa_tien_yen,xã,tien_yen,,2,8
2212,Phường Nông Tiến,phuong_nong_tien,phường,nong_tien,,2,8
2215,Phường Minh Xuân,phuong_minh_xuan,phường,minh_xuan,,2,8
2221,Xã Nà Hang,xa_na_hang,xã,na_hang,,2,8
2239,Xã Thượng Nông,xa_thuong_nong,xã,thuong_nong,,2,8
2245,Xã Côn Lôn,xa_con_lon,xã,con_lon,,2,8
2248,Xã Yên Hoa,xa_yen_hoa,xã,yen_hoa,,2,8
2260,Xã Hồng Thái,xa_hong_thai,xã,hong_thai,,2,8
2266,Xã Lâm Bình,xa_lam_binh,xã,lam_binh,,2,8
2269,Xã Thượng Lâm,xa_thuong_lam,xã,thuong_lam,,2,8
2287,Xã Chiêm Hoá,xa_chiem_hoa,xã,chiem_hoa,,2,8
2296,Xã Bình An,xa_binh_an,xã,binh_an,,2,8
2302,Xã Minh Quang,xa_minh_quang,xã,minh_quang,,2,8
2305,Xã Trung Hà,xa_trung_ha,xã,trung_ha,,2,8
2308,Xã Tân Mỹ,xa_tan_my,xã,tan_my,,2,8
2317,Xã Yên Lập,xa_yen_lap,xã,yen_lap,,2,8
2320,Xã Tân An,xa_tan_an,xã,tan_an,,2,8
2332,Xã Kiên Đài,xa_kien_dai,xã,kien_dai,,2,8
2350,Xã Kim Bình,xa_kim_binh,xã,kim_binh,,2,8
2353,Xã Hoà An,xa_hoa_an,xã,hoa_an,,2,8
2359,Xã Tri Phú,xa_tri_phu,xã,tri_phu,,2,8
2365,Xã Yên Nguyên,xa_yen_nguyen,xã,yen_nguyen,,2,8
2374,Xã Hàm Yên,xa_ham_yen,xã,ham_yen,,2,8
2380,Xã Bạch Xa,xa_bach_xa,xã,bach_xa,,2,8
2392,Xã Phù Lưu,xa_phu_luu,xã,phu_luu,,2,8
2398,Xã Yên Phú,xa_yen_phu,xã,yen_phu,,2,8
2404,Xã Bình Xa,xa_binh_xa,xã,binh_xa,,2,8
2407,Xã Thái Sơn,xa_thai_son,xã,thai_son,,2,8
2419,Xã Thái Hoà,xa_thai_hoa,xã,thai_hoa,,2,8
2425,Xã Hùng Đức,xa_hung_duc,xã,hung_duc,,2,8
2434,Xã Lực Hành,xa_luc_hanh,xã,luc_hanh,,2,8
2437,Xã Kiến Thiết,xa_kien_thiet,xã,kien_thiet,,2,8
2449,Xã Xuân Vân,xa_xuan_van,xã,xuan_van,,2,8
2455,Xã Hùng Lợi,xa_hung_loi,xã,hung_loi,,2,8
2458,Xã Trung Sơn,xa_trung_son,xã,trung_son,,2,8
2470,Xã Tân Long,xa_tan_long,xã,tan_long,,2,8
2473,Xã Yên Sơn,xa_yen_son,xã,yen_son,,2,8
2494,Xã Thái Bình,xa_thai_binh,xã,thai_binh,,2,8
2509,Phường Mỹ Lâm,phuong_my_lam,phường,my_lam,,2,8
2512,Phường An Tường,phuong_an_tuong,phường,an_tuong,,2,8
2524,Phường Bình Thuận,phuong_binh_thuan,phường,binh_thuan,,2,8
2530,Xã Nhữ Khê,xa_nhu_khe,xã,nhu_khe,,2,8
2536,Xã Sơn Dương,xa_son_duong,xã,son_duong,,2,8
2545,Xã Tân Trào,xa_tan_trao,xã,tan_trao,,2,8
2548,Xã Bình Ca,xa_binh_ca,xã,binh_ca,,2,8
2554,Xã Minh Thanh,xa_minh_thanh,xã,minh_thanh,,2,8
2572,Xã Đông Thọ,xa_dong_tho,xã,dong_tho,,2,8
2578,Xã Tân Thanh,xa_tan_thanh,xã,tan_thanh,,2,8
2608,Xã Hồng Sơn,xa_hong_son,xã,hong_son,,2,8
2611,Xã Phú Lương,xa_phu_luong,xã,phu_luong,,2,8
2620,Xã Sơn Thuỷ,xa_son_thuy,xã,son_thuy,,2,8
2623,Xã Trường Sinh,xa_truong_sinh,xã,truong_sinh,,2,8
11,Tỉnh Điện Biên,dien_bien,tỉnh,,215,1,
3127,Phường Điện Biên Phủ,phuong_dien_bien_phu,phường,dien_bien_phu,,2,11
3151,Phường Mường Lay,phuong_muong_lay,phường,muong_lay,,2,11
3158,Xã Sín Thầu,xa_sin_thau,xã,sin_thau,,2,11
3160,Xã Mường Nhé,xa_muong_nhe,xã,muong_nhe,,2,11
3162,Xã Nậm Kè,xa_nam_ke,xã,nam_ke,,2,11
3163,Xã Mường Toong,xa_muong_toong,xã,muong_toong,,2,11
3164,Xã Quảng Lâm,xa_quang_lam,xã,quang_lam,,2,11
3166,Xã Mường Chà,xa_muong_cha,xã,muong_cha,,2,11
3169,Xã Nà Hỳ,xa_na_hy,xã,na_hy,,2,11
3172,Xã Na Sang,xa_na_sang,xã,na_sang,,2,11
3175,Xã Chà Tở,xa_cha_to,xã,cha_to,,2,11
3176,Xã Nà Bủng,xa_na_bung,xã,na_bung,,2,11
3181,Xã Mường Tùng,xa_muong_tung,xã,muong_tung,,2,11
3193,Xã Pa Ham,xa_pa_ham,xã,pa_ham,,2,11
3194,Xã Nậm Nèn,xa_nam_nen,xã,nam_nen,,2,11
3199,Xã Si Pa Phìn,xa_si_pa_phin,xã,si_pa_phin,,2,11
3202,Xã Mường Pồn,xa_muong_pon,xã,muong_pon,,2,11
3203,Xã Na Son,xa_na_son,xã,na_son,,2,11
3208,Xã Xa Dung,xa_xa_dung,xã,xa_dung,,2,11
3214,Xã Mường Luân,xa_muong_luan,xã,muong_luan,,2,11
3217,Xã Tủa Chùa,xa_tua_chua,xã,tua_chua,,2,11
3220,Xã Tủa Thàng,xa_tua_thang,xã,tua_thang,,2,11
3226,Xã Sín Chải,xa_sin_chai,xã,sin_chai,,2,11
3241,Xã Sính Phình,xa_sinh_phinh,xã,sinh_phinh,,2,11
3244,Xã Sáng Nhè,xa_sang_nhe,xã,sang_nhe,,2,11
3253,Xã Tuần Giáo,xa_tuan_giao,xã,tuan_giao,,2,11
3256,Xã Mường Ảng,xa_muong_ang,xã,muong_ang,,2,11
3260,Xã Pú Nhung,xa_pu_nhung,xã,pu_nhung,,2,11
3268,Xã Mường Mùn,xa_muong_mun,xã,muong_mun,,2,11
3283,Xã Chiềng Sinh,xa_chieng_sinh,xã,chieng_sinh,,2,11
3295,Xã Quài Tở,xa_quai_to,xã,quai_to,,2,11
3301,Xã Búng Lao,xa_bung_lao,xã,bung_lao,,2,11
3313,Xã Mường Lạn,xa_muong_lan,xã,muong_lan,,2,11
3316,Xã Nà Tấu,xa_na_tau,xã,na_tau,,2,11
3325,Xã Mường Phăng,xa_muong_phang,xã,muong_phang,,2,11
3328,Xã Thanh Nưa,xa_thanh_nua,xã,thanh_nua,,2,11
3334,Phường Mường Thanh,phuong_muong_thanh,phường,muong_thanh,,2,11
3349,Xã Thanh Yên,xa_thanh_yen,xã,thanh_yen,,2,11
3352,Xã Thanh An,xa_thanh_an,xã,thanh_an,,2,11
3356,Xã Sam Mứn,xa_sam_mun,xã,sam_mun,,2,11
3358,Xã Núa Ngam,xa_nua_ngam,xã,nua_ngam,,2,11
3368,Xã Mường Nhà,xa_muong_nha,xã,muong_nha,,2,11
3370,Xã Pu Nhi,xa_pu_nhi,xã,pu_nhi,,2,11
3382,Xã Phình Giàng,xa_phinh_giang,xã,phinh_giang,,2,11
3385,Xã Tìa Dình,xa_tia_dinh,xã,tia_dinh,,2,11
12,Tỉnh Lai Châu,lai_chau,tỉnh,,213,1,
3388,Phường Đoàn Kết,phuong_doan_ket,phường,doan_ket,,2,12
3390,Xã Bình Lư,xa_binh_lu,xã,binh_lu,,2,12
3394,Xã Sin Suối Hồ,xa_sin_suoi_ho,xã,sin_suoi_ho,,2,12
3405,Xã Tả Lèng,xa_ta_leng,xã,ta_leng,,2,12
3408,Phường Tân Phong,phuong_tan_phong,phường,tan_phong,,2,12
3424,Xã Bản Bo,xa_ban_bo,xã,ban_bo,,2,12
3430,Xã Khun Há,xa_khun_ha,xã,khun_ha,,2,12
3433,Xã Bum Tở,xa_bum_to,xã,bum_to,,2,12
3434,Xã Nậm Hàng,xa_nam_hang,xã,nam_hang,,2,12
3439,Xã Thu Lũm,xa_thu_lum,xã,thu_lum,,2,12
3442,Xã Pa Ủ,xa_pa_u,xã,pa_u,,2,12
3445,Xã Mường Tè,xa_muong_te,xã,muong_te,,2,12
3451,Xã Mù Cả,xa_mu_ca,xã,mu_ca,,2,12
3460,Xã Hua Bum,xa_hua_bum,xã,hua_bum,,2,12
3463,Xã Tà Tổng,xa_ta_tong,xã,ta_tong,,2,12
3466,Xã Bum Nưa,xa_bum_nua,xã,bum_nua,,2,12
3472,Xã Mường Mô,xa_muong_mo,xã,muong_mo,,2,12
3478,Xã Sìn Hồ,xa_sin_ho,xã,sin_ho,,2,12
3487,Xã Lê Lợi,xa_le_loi,xã,le_loi,,2,12
3503,Xã Pa Tần,xa_pa_tan,xã,pa_tan,,2,12
3508,Xã Hồng Thu,xa_hong_thu,xã,hong_thu,,2,12
3517,Xã Nậm Tăm,xa_nam_tam,xã,nam_tam,,2,12
3529,Xã Tủa Sín Chải,xa_tua_sin_chai,xã,tua_sin_chai,,2,12
3532,Xã Pu Sam Cáp,xa_pu_sam_cap,xã,pu_sam_cap,,2,12
3538,Xã Nậm Mạ,xa_nam_ma,xã,nam_ma,,2,12
3544,Xã Nậm Cuổi,xa_nam_cuoi,xã,nam_cuoi,,2,12
3549,Xã Phong Thổ,xa_phong_tho,xã,phong_tho,,2,12
3562,Xã Sì Lở Lầu,xa_si_lo_lau,xã,si_lo_lau,,2,12
3571,Xã Dào San,xa_dao_san,xã,dao_san,,2,12
3583,Xã Khổng Lào,xa_khong_lao,xã,khong_lao,,2,12
3595,Xã Than Uyên,xa_than_uyen,xã,than_uyen,,2,12
3598,Xã Tân Uyên,xa_tan_uyen,xã,tan_uyen,,2,12
3601,Xã Mường Khoa,xa_muong_khoa,xã,muong_khoa,,2,12
3613,Xã Nậm Sỏ,xa_nam_so,xã,nam_so,,2,12
3616,Xã Pắc Ta,xa_pac_ta,xã,pac_ta,,2,12
3618,Xã Mường Than,xa_muong_than,xã,muong_than,,2,12
3637,Xã Mường Kim,xa_muong_kim,xã,muong_kim,,2,12
3640,Xã Khoen On,xa_khoen_on,xã,khoen_on,,2,12
14,Tỉnh Sơn La,son_la,tỉnh,,212,1,
3646,Phường Tô Hiệu,phuong_to_hieu,phường,to_hieu,,2,14
3664,Phường Chiềng An,phuong_chieng_an,phường,chieng_an,,2,14
3670,Phường Chiềng Cơi,phuong_chieng_coi,phường,chieng_coi,,2,14
3679,Phường Chiềng Sinh,phuong_chieng_sinh,phường,chieng_sinh,,2,14
3688,Xã Mường Chiên,xa_muong_chien,xã,muong_chien,,2,14
3694,Xã Mường Giôn,xa_muong_gion,xã,muong_gion,,2,14
3703,Xã Quỳnh Nhai,xa_quynh_nhai,xã,quynh_nhai,,2,14
3712,Xã Mường Sại,xa_muong_sai,xã,muong_sai,,2,14
3721,Xã Thuận Châu,xa_thuan_chau,xã,thuan_chau,,2,14
3724,Xã Bình Thuận,xa_binh_thuan,xã,binh_thuan,,2,14
3727,Xã Mường É,xa_muong_e,xã,muong_e,,2,14
3754,Xã Chiềng La,xa_chieng_la,xã,chieng_la,,2,14
3757,Xã Mường Khiêng,xa_muong_khieng,xã,muong_khieng,,2,14
3760,Xã Mường Bám,xa_muong_bam,xã,muong_bam,,2,14
3763,Xã Long Hẹ,xa_long_he,xã,long_he,,2,14
3781,Xã Co Mạ,xa_co_ma,xã,co_ma,,2,14
3784,Xã Nậm Lầu,xa_nam_lau,xã,nam_lau,,2,14
3799,Xã Muổi Nọi,xa_muoi_noi,xã,muoi_noi,,2,14
3808,Xã Mường La,xa_muong_la,xã,muong_la,,2,14
3814,Xã Chiềng Lao,xa_chieng_lao,xã,chieng_lao,,2,14
3820,Xã Ngọc Chiến,xa_ngoc_chien,xã,ngoc_chien,,2,14
3847,Xã Mường Bú,xa_muong_bu,xã,muong_bu,,2,14
3850,Xã Chiềng Hoa,xa_chieng_hoa,xã,chieng_hoa,,2,14
3856,Xã Bắc Yên,xa_bac_yen,xã,bac_yen,,2,14
3862,Xã Xím Vàng,xa_xim_vang,xã,xim_vang,,2,14
3868,Xã Tà Xùa,xa_ta_xua,xã,ta_xua,,2,14
3871,Xã Pắc Ngà,xa_pac_nga,xã,pac_nga,,2,14
3880,Xã Tạ Khoa,xa_ta_khoa,xã,ta_khoa,,2,14
3892,Xã Chiềng Sại,xa_chieng_sai,xã,chieng_sai,,2,14
3901,Xã Suối Tọ,xa_suoi_to,xã,suoi_to,,2,14
3907,Xã Mường Cơi,xa_muong_coi,xã,muong_coi,,2,14
3910,Xã Phù Yên,xa_phu_yen,xã,phu_yen,,2,14
3922,Xã Gia Phù,xa_gia_phu,xã,gia_phu,,2,14
3943,Xã Mường Bang,xa_muong_bang,xã,muong_bang,,2,14
3958,Xã Tường Hạ,xa_tuong_ha,xã,tuong_ha,,2,14
3961,Xã Kim Bon,xa_kim_bon,xã,kim_bon,,2,14
3970,Xã Tân Phong,xa_tan_phong,xã,tan_phong,,2,14
3979,Phường Mộc Sơn,phuong_moc_son,phường,moc_son,,2,14
3980,Phường Mộc Châu,phuong_moc_chau,phường,moc_chau,,2,14
3982,Phường Thảo Nguyên,phuong_thao_nguyen,phường,thao_nguyen,,2,14
3985,Xã Chiềng Sơn,xa_chieng_son,xã,chieng_son,,2,14
3997,Xã Tân Yên,xa_tan_yen,xã,tan_yen,,2,14
4000,Xã Đoàn Kết,xa_doan_ket,xã,doan_ket,,2,14
4006,Xã Song Khủa,xa_song_khua,xã,song_khua,,2,14
4018,Xã Tô Múa,xa_to_mua,xã,to_mua,,2,14
4033,Phường Vân Sơn,phuong_van_son,phường,van_son,,2,14
4045,Xã Lóng Sập,xa_long_sap,xã,long_sap,,2,14
4048,Xã Vân Hồ,xa_van_ho,xã,van_ho,,2,14
4057,Xã Xuân Nha,xa_xuan_nha,xã,xuan_nha,,2,14
4075,Xã Yên Châu,xa_yen_chau,xã,yen_chau,,2,14
4078,Xã Chiềng Hặc,xa_chieng_hac,xã,chieng_hac,,2,14
4087,Xã Yên Sơn,xa_yen_son,xã,yen_son,,2,14
4096,Xã Lóng Phiêng,xa_long_phieng,xã,long_phieng,,2,14
4099,Xã Phiêng Khoài,xa_phieng_khoai,xã,phieng_khoai,,2,14
4105,Xã Mai Sơn,xa_mai_son,xã,mai_son,,2,14
4108,Xã Chiềng Sung,xa_chieng_sung,xã,chieng_sung,,2,14
4117,Xã Mường Chanh,xa_muong_chanh,xã,muong_chanh,,2,14
4123,Xã Chiềng Mung,xa_chieng_mung,xã,chieng_mung,,2,14
4132,Xã Chiềng Mai,xa_chieng_mai,xã,chieng_mai,,2,14
4136,Xã Tà Hộc,xa_ta_hoc,xã,ta_hoc,,2,14
4144,Xã Phiêng Cằm,xa_phieng_cam,xã,phieng_cam,,2,14
4159,Xã Phiêng Pằn,xa_phieng_pan,xã,phieng_pan,,2,14
4168,Xã Sông Mã,xa_song_ma,xã,song_ma,,2,14
4171,Xã Bó Sinh,xa_bo_sinh,xã,bo_sinh,,2,14
4183,Xã Mường Lầm,xa_muong_lam,xã,muong_lam,,2,14
4186,Xã Nậm Ty,xa_nam_ty,xã,nam_ty,,2,14
4195,Xã Chiềng Sơ,xa_chieng_so,xã,chieng_so,,2,14
4204,Xã Chiềng Khoong,xa_chieng_khoong,xã,chieng_khoong,,2,14
4210,Xã Huổi Một,xa_huoi_mot,xã,huoi_mot,,2,14
4219,Xã Mường Hung,xa_muong_hung,xã,muong_hung,,2,14
4222,Xã Chiềng Khương,xa_chieng_khuong,xã,chieng_khuong,,2,14
4228,Xã Púng Bánh,xa_pung_banh,xã,pung_banh,,2,14
4231,Xã Sốp Cộp,xa_sop_cop,xã,sop_cop,,2,14
4240,Xã Mường Lèo,xa_muong_leo,xã,muong_leo,,2,14
4246,Xã Mường Lạn,xa_muong_lan,xã,muong_lan,,2,14
15,Tỉnh Lào Cai,lao_cai,tỉnh,,214,1,
2647,Phường Lào Cai,phuong_lao_cai,phường,lao_cai,,2,15
2671,Phường Cam Đường,phuong_cam_duong,phường,cam_duong,,2,15
2680,Xã Hợp Thành,xa_hop_thanh,xã,hop_thanh,,2,15
2683,Xã Bát Xát,xa_bat_xat,xã,bat_xat,,2,15
2686,Xã A Mú Sung,xa_a_mu_sung,xã,a_mu_sung,,2,15
2695,Xã Trịnh Tường,xa_trinh_tuong,xã,trinh_tuong,,2,15
2701,Xã Y Tý,xa_y_ty,xã,y_ty,,2,15
2707,Xã Dền Sáng,xa_den_sang,xã,den_sang,,2,15
2725,Xã Bản Xèo,xa_ban_xeo,xã,ban_xeo,,2,15
2728,Xã Mường Hum,xa_muong_hum,xã,muong_hum,,2,15
2746,Xã Cốc San,xa_coc_san,xã,coc_san,,2,15
2752,Xã Pha Long,xa_pha_long,xã,pha_long,,2,15
2761,Xã Mường Khương,xa_muong_khuong,xã,muong_khuong,,2,15
2782,Xã Cao Sơn,xa_cao_son,xã,cao_son,,2,15
2788,Xã Bản Lầu,xa_ban_lau,xã,ban_lau,,2,15
2809,Xã Si Ma Cai,xa_si_ma_cai,xã,si_ma_cai,,2,15
2824,Xã Sín Chéng,xa_sin_cheng,xã,sin_cheng,,2,15
2839,Xã Bắc Hà,xa_bac_ha,xã,bac_ha,,2,15
2842,Xã Tả Củ Tỷ,xa_ta_cu_ty,xã,ta_cu_ty,,2,15
2848,Xã Lùng Phình,xa_lung_phinh,xã,lung_phinh,,2,15
2869,Xã Bản Liền,xa_ban_lien,xã,ban_lien,,2,15
2890,Xã Bảo Nhai,xa_bao_nhai,xã,bao_nhai,,2,15
2896,Xã Cốc Lầu,xa_coc_lau,xã,coc_lau,,2,15
2902,Xã Phong Hải,xa_phong_hai,xã,phong_hai,,2,15
2905,Xã Bảo Thắng,xa_bao_thang,xã,bao_thang,,2,15
2908,Xã Tằng Loỏng,xa_tang_loong,xã,tang_loong,,2,15
2923,Xã Gia Phú,xa_gia_phu,xã,gia_phu,,2,15
2926,Xã Xuân Quang,xa_xuan_quang,xã,xuan_quang,,2,15
2947,Xã Bảo Yên,xa_bao_yen,xã,bao_yen,,2,15
2953,Xã Nghĩa Đô,xa_nghia_do,xã,nghia_do,,2,15
2962,Xã Xuân Hòa,xa_xuan_hoa,xã,xuan_hoa,,2,15
2968,Xã Thượng Hà,xa_thuong_ha,xã,thuong_ha,,2,15
2989,Xã Bảo Hà,xa_bao_ha,xã,bao_ha,,2,15
2998,Xã Phúc Khánh,xa_phuc_khanh,xã,phuc_khanh,,2,15
3004,Xã Ngũ Chỉ Sơn,xa_ngu_chi_son,xã,ngu_chi_son,,2,15
3006,Phường Sa Pa,phuong_sa_pa,phường,sa_pa,,2,15
3013,Xã Tả Phìn,xa_ta_phin,xã,ta_phin,,2,15
3037,Xã Tả Van,xa_ta_van,xã,ta_van,,2,15
3043,Xã Mường Bo,xa_muong_bo,xã,muong_bo,,2,15
3046,Xã Bản Hồ,xa_ban_ho,xã,ban_ho,,2,15
3061,Xã Võ Lao,xa_vo_lao,xã,vo_lao,,2,15
3076,Xã Nậm Chày,xa_nam_chay,xã,nam_chay,,2,15
3082,Xã Văn Bàn,xa_van_ban,xã,van_ban,,2,15
3085,Xã Nậm Xé,xa_nam_xe,xã,nam_xe,,2,15
3091,Xã Chiềng Ken,xa_chieng_ken,xã,chieng_ken,,2,15
3103,Xã Khánh Yên,xa_khanh_yen,xã,khanh_yen,,2,15
3106,Xã Dương Quỳ,xa_duong_quy,xã,duong_quy,,2,15
3121,Xã Minh Lương,xa_minh_luong,xã,minh_luong,,2,15
4252,Phường Yên Bái,phuong_yen_bai,phường,yen_bai,,2,15
4273,Phường Nam Cường,phuong_nam_cuong,phường,nam_cuong,,2,15
4279,Phường Văn Phú,phuong_van_phu,phường,van_phu,,2,15
4288,Phường Nghĩa Lộ,phuong_nghia_lo,phường,nghia_lo,,2,15
4303,Xã Lục Yên,xa_luc_yen,xã,luc_yen,,2,15
4309,Xã Lâm Thượng,xa_lam_thuong,xã,lam_thuong,,2,15
4336,Xã Tân Lĩnh,xa_tan_linh,xã,tan_linh,,2,15
4342,Xã Khánh Hòa,xa_khanh_hoa,xã,khanh_hoa,,2,15
4345,Xã Mường Lai,xa_muong_lai,xã,muong_lai,,2,15
4363,Xã Phúc Lợi,xa_phuc_loi,xã,phuc_loi,,2,15
4375,Xã Mậu A,xa_mau_a,xã,mau_a,,2,15
4381,Xã Lâm Giang,xa_lam_giang,xã,lam_giang,,2,15
4387,Xã Châu Quế,xa_chau_que,xã,chau_que,,2,15
4399,Xã Đông Cuông,xa_dong_cuong,xã,dong_cuong,,2,15
4402,Xã Phong Dụ Hạ,xa_phong_du_ha,xã,phong_du_ha,,2,15
4423,Xã Phong Dụ Thượng,xa_phong_du_thuong,xã,phong_du_thuong,,2,15
4429,Xã Tân Hợp,xa_tan_hop,xã,tan_hop,,2,15
4441,Xã Xuân Ái,xa_xuan_ai,xã,xuan_ai,,2,15
4450,Xã Mỏ Vàng,xa_mo_vang,xã,mo_vang,,2,15
4456,Xã Mù Cang Chải,xa_mu_cang_chai,xã,mu_cang_chai,,2,15
4462,Xã Nậm Có,xa_nam_co,xã,nam_co,,2,15
4465,Xã Khao Mang,xa_khao_mang,xã,khao_mang,,2,15
4474,Xã Lao Chải,xa_lao_chai,xã,lao_chai,,2,15
4489,Xã Chế Tạo,xa_che_tao,xã,che_tao,,2,15
4492,Xã Púng Luông,xa_pung_luong,xã,pung_luong,,2,15
4498,Xã Trấn Yên,xa_tran_yen,xã,tran_yen,,2,15
4531,Xã Quy Mông,xa_quy_mong,xã,quy_mong,,2,15
4537,Xã Lương Thịnh,xa_luong_thinh,xã,luong_thinh,,2,15
4543,Phường Âu Lâu,phuong_au_lau,phường,au_lau,,2,15
4564,Xã Việt Hồng,xa_viet_hong,xã,viet_hong,,2,15
4576,Xã Hưng Khánh,xa_hung_khanh,xã,hung_khanh,,2,15
4585,Xã Hạnh Phúc,xa_hanh_phuc,xã,hanh_phuc,,2,15
4603,Xã Tà Xi Láng,xa_ta_xi_lang,xã,ta_xi_lang,,2,15
4606,Xã Trạm Tấu,xa_tram_tau,xã,tram_tau,,2,15
4609,Xã Phình Hồ,xa_phinh_ho,xã,phinh_ho,,2,15
4630,Xã Tú Lệ,xa_tu_le,xã,tu_le,,2,15
4636,Xã Gia Hội,xa_gia_hoi,xã,gia_hoi,,2,15
4651,Xã Sơn Lương,xa_son_luong,xã,son_luong,,2,15
4660,Xã Liên Sơn,xa_lien_son,xã,lien_son,,2,15
4663,Phường Trung Tâm,phuong_trung_tam,phường,trung_tam,,2,15
4672,Xã Văn Chấn,xa_van_chan,xã,van_chan,,2,15
4681,Phường Cầu Thia,phuong_cau_thia,phường,cau_thia,,2,15
4693,Xã Cát Thịnh,xa_cat_thinh,xã,cat_thinh,,2,15
4699,Xã Chấn Thịnh,xa_chan_thinh,xã,chan_thinh,,2,15
4705,Xã Thượng Bằng La,xa_thuong_bang_la,xã,thuong_bang_la,,2,15
4711,Xã Nghĩa Tâm,xa_nghia_tam,xã,nghia_tam,,2,15
4714,Xã Yên Bình,xa_yen_binh,xã,yen_binh,,2,15
4717,Xã Thác Bà,xa_thac_ba,xã,thac_ba,,2,15
4726,Xã Cảm Nhân,xa_cam_nhan,xã,cam_nhan,,2,15
4744,Xã Yên Thành,xa_yen_thanh,xã,yen_thanh,,2,15
4750,Xã Bảo Ái,xa_bao_ai,xã,bao_ai,,2,15
19,Tỉnh Thái Nguyên,thai_nguyen,tỉnh,,208,1,
1840,Phường Đức Xuân,phuong_duc_xuan,phường,duc_xuan,,2,19
1843,Phường Bắc Kạn,phuong_bac_kan,phường,bac_kan,,2,19
1849,Xã Phong Quang,xa_phong_quang,xã,phong_quang,,2,19
1864,Xã Bằng Thành,xa_bang_thanh,xã,bang_thanh,,2,19
1879,Xã Cao Minh,xa_cao_minh,xã,cao_minh,,2,19
1882,Xã Nghiên Loan,xa_nghien_loan,xã,nghien_loan,,2,19
1894,Xã Phúc Lộc,xa_phuc_loc,xã,phuc_loc,,2,19
1906,Xã Ba Bể,xa_ba_be,xã,ba_be,,2,19
1912,Xã Chợ Rã,xa_cho_ra,xã,cho_ra,,2,19
1921,Xã Thượng Minh,xa_thuong_minh,xã,thuong_minh,,2,19
1933,Xã Đồng Phúc,xa_dong_phuc,xã,dong_phuc,,2,19
1936,Xã Nà Phặc,xa_na_phac,xã,na_phac,,2,19
1942,Xã Bằng Vân,xa_bang_van,xã,bang_van,,2,19
1954,Xã Ngân Sơn,xa_ngan_son,xã,ngan_son,,2,19
1957,Xã Thượng Quan,xa_thuong_quan,xã,thuong_quan,,2,19
1960,Xã Hiệp Lực,xa_hiep_luc,xã,hiep_luc,,2,19
1969,Xã Phủ Thông,xa_phu_thong,xã,phu_thong,,2,19
1981,Xã Vĩnh Thông,xa_vinh_thong,xã,vinh_thong,,2,19
2008,Xã Cẩm Giàng,xa_cam_giang,xã,cam_giang,,2,19
2014,Xã Bạch Thông,xa_bach_thong,xã,bach_thong,,2,19
2020,Xã Chợ Đồn,xa_cho_don,xã,cho_don,,2,19
2026,Xã Nam Cường,xa_nam_cuong,xã,nam_cuong,,2,19
2038,Xã Quảng Bạch,xa_quang_bach,xã,quang_bach,,2,19
2044,Xã Yên Thịnh,xa_yen_thinh,xã,yen_thinh,,2,19
2071,Xã Nghĩa Tá,xa_nghia_ta,xã,nghia_ta,,2,19
2083,Xã Yên Phong,xa_yen_phong,xã,yen_phong,,2,19
2086,Xã Chợ Mới,xa_cho_moi,xã,cho_moi,,2,19
2101,Xã Thanh Mai,xa_thanh_mai,xã,thanh_mai,,2,19
2104,Xã Tân Kỳ,xa_tan_ky,xã,tan_ky,,2,19
2107,Xã Thanh Thịnh,xa_thanh_thinh,xã,thanh_thinh,,2,19
2116,Xã Yên Bình,xa_yen_binh,xã,yen_binh,,2,19
2143,Xã Văn Lang,xa_van_lang,xã,van_lang,,2,19
2152,Xã Cường Lợi,xa_cuong_loi,xã,cuong_loi,,2,19
2155,Xã Na Rì,xa_na_ri,xã,na_ri,,2,19
2176,Xã Trần Phú,xa_tran_phu,xã,tran_phu,,2,19
2185,Xã Côn Minh,xa_con_minh,xã,con_minh,,2,19
2191,Xã Xuân Dương,xa_xuan_duong,xã,xuan_duong,,2,19
5443,Phường Phan Đình Phùng,phuong_phan_dinh_phung,phường,phan_dinh_phung,,2,19
5455,Phường Quyết Thắng,phuong_quyet_thang,phường,quyet_thang,,2,19
5467,Phường Gia Sàng,phuong_gia_sang,phường,gia_sang,,2,19
5482,Phường Quan Triều,phuong_quan_trieu,phường,quan_trieu,,2,19
5488,Xã Đại Phúc,xa_dai_phuc,xã,dai_phuc,,2,19
5500,Phường Tích Lương,phuong_tich_luong,phường,tich_luong,,2,19
5503,Xã Tân Cương,xa_tan_cuong,xã,tan_cuong,,2,19
5518,Phường Sông Công,phuong_song_cong,phường,song_cong,,2,19
5528,Phường Bách Quang,phuong_bach_quang,phường,bach_quang,,2,19
5533,Phường Bá Xuyên,phuong_ba_xuyen,phường,ba_xuyen,,2,19
5542,Xã Lam Vỹ,xa_lam_vy,xã,lam_vy,,2,19
5551,Xã Kim Phượng,xa_kim_phuong,xã,kim_phuong,,2,19
5563,Xã Phượng Tiến,xa_phuong_tien,xã,tien,,2,19
5569,Xã Định Hóa,xa_dinh_hoa,xã,dinh_hoa,,2,19
5581,Xã Trung Hội,xa_trung_hoi,xã,trung_hoi,,2,19
5587,Xã Bình Yên,xa_binh_yen,xã,binh_yen,,2,19
5602,Xã Phú Đình,xa_phu_dinh,xã,phu_dinh,,2,19
5605,Xã Bình Thành,xa_binh_thanh,xã,binh_thanh,,2,19
5611,Xã Phú Lương,xa_phu_luong,xã,phu_luong,,2,19
5620,Xã Yên Trạch,xa_yen_trach,xã,yen_trach,,2,19
5632,Xã Hợp Thành,xa_hop_thanh,xã,hop_thanh,,2,19
5641,Xã Vô Tranh,xa_vo_tranh,xã,vo_tranh,,2,19
5662,Xã Trại Cau,xa_trai_cau,xã,trai_cau,,2,19
5665,Xã Văn Lăng,xa_van_lang,xã,van_lang,,2,19
5674,Xã Quang Sơn,xa_quang_son,xã,quang_son,,2,19
5680,Xã Văn Hán,xa_van_han,xã,van_han,,2,19
5692,Xã Đồng Hỷ,xa_dong_hy,xã,dong_hy,,2,19
5707,Xã Nam Hòa,xa_nam_hoa,xã,nam_hoa,,2,19
5710,Phường Linh Sơn,phuong_linh_son,phường,linh_son,,2,19
5716,Xã Võ Nhai,xa_vo_nhai,xã,vo_nhai,,2,19
5719,Xã Sảng Mộc,xa_sang_moc,xã,sang_moc,,2,19
5722,Xã Nghinh Tường,xa_nghinh_tuong,xã,nghinh_tuong,,2,19
5725,Xã Thần Sa,xa_than_sa,xã,than_sa,,2,19
5740,Xã La Hiên,xa_la_hien,xã,la_hien,,2,19
5746,Xã Tràng Xá,xa_trang_xa,xã,trang_xa,,2,19
5755,Xã Dân Tiến,xa_dan_tien,xã,dan_tien,,2,19
5773,Xã Phú Xuyên,xa_phu_xuyen,xã,phu_xuyen,,2,19
5776,Xã Đức Lương,xa_duc_luong,xã,duc_luong,,2,19
5788,Xã Phú Lạc,xa_phu_lac,xã,phu_lac,,2,19
5800,Xã Phú Thịnh,xa_phu_thinh,xã,phu_thinh,,2,19
5809,Xã An Khánh,xa_an_khanh,xã,an_khanh,,2,19
5818,Xã La Bằng,xa_la_bang,xã,la_bang,,2,19
5830,Xã Đại Từ,xa_dai_tu,xã,dai_tu,,2,19
5845,Xã Vạn Phú,xa_van_phu,xã,van_phu,,2,19
5851,Xã Quân Chu,xa_quan_chu,xã,quan_chu,,2,19
5857,Phường Phúc Thuận,phuong_phuc_thuan,phường,phuc_thuan,,2,19
5860,Phường Phổ Yên,phuong_pho_yen,phường,pho_yen,,2,19
5881,Xã Thành Công,xa_thanh_cong,xã,thanh_cong,,2,19
5890,Phường Vạn Xuân,phuong_van_xuan,phường,van_xuan,,2,19
5899,Phường Trung Thành,phuong_trung_thanh,phường,trung_thanh,,2,19
5908,Xã Phú Bình,xa_phu_binh,xã,phu_binh,,2,19
5917,Xã Tân Khánh,xa_tan_khanh,xã,tan_khanh,,2,19
5923,Xã Tân Thành,xa_tan_thanh,xã,tan_thanh,,2,19
5941,Xã Điềm Thụy,xa_diem_thuy,xã,diem_thuy,,2,19
5953,Xã Kha Sơn,xa_kha_son,xã,kha_son,,2,19
20,Tỉnh Lạng Sơn,lang_son,tỉnh,,205,1,
5977,Phường Đông Kinh,phuong_dong_kinh,phường,dong_kinh,,2,20
5983,Phường Lương Văn Tri,phuong_luong_van_tri,phường,luong_van_tri,,2,20
5986,Phường Tam Thanh,phuong_tam_thanh,phường,tam_thanh,,2,20
6001,Xã Đoàn Kết,xa_doan_ket,xã,doan_ket,,2,20
6004,Xã Quốc Khánh,xa_quoc_khanh,xã,quoc_khanh,,2,20
6019,Xã Tân Tiến,xa_tan_tien,xã,tan_tien,,2,20
6037,Xã Kháng Chiến,xa_khang_chien,xã,khang_chien,,2,20
6040,Xã Thất Khê,xa_that_khe,xã,that_khe,,2,20
6046,Xã Tràng Định,xa_trang_dinh,xã,trang_dinh,,2,20
6058,Xã Quốc Việt,xa_quoc_viet,xã,quoc_viet,,2,20
6073,Xã Hoa Thám,xa_hoa_tham,xã,hoa_tham,,2,20
6076,Xã Quý Hòa,xa_quy_hoa,xã,quy_hoa,,2,20
6079,Xã Hồng Phong,xa_hong_phong,xã,hong_phong,,2,20
6085,Xã Thiện Hòa,xa_thien_hoa,xã,thien_hoa,,2,20
6091,Xã Thiện Thuật,xa_thien_thuat,xã,thien_thuat,,2,20
6103,Xã Thiện Long,xa_thien_long,xã,thien_long,,2,20
6112,Xã Bình Gia,xa_binh_gia,xã,binh_gia,,2,20
6115,Xã Tân Văn,xa_tan_van,xã,tan_van,,2,20
6124,Xã Na Sầm,xa_na_sam,xã,na_sam,,2,20
6148,Xã Thụy Hùng,xa_thuy_hung,xã,thuy_hung,,2,20
6151,Xã Hội Hoan,xa_hoi_hoan,xã,hoi_hoan,,2,20
6154,Xã Văn Lãng,xa_van_lang,xã,van_lang,,2,20
6172,Xã Hoàng Văn Thụ,xa_hoang_van_thu,xã,hoang_van_thu,,2,20
6184,Xã Đồng Đăng,xa_dong_dang,xã,dong_dang,,2,20
6187,Phường Kỳ Lừa,phuong_ky_lua,phường,ky_lua,,2,20
6196,Xã Ba Sơn,xa_ba_son,xã,ba_son,,2,20
6211,Xã Cao Lộc,xa_cao_loc,xã,cao_loc,,2,20
6220,Xã Công Sơn,xa_cong_son,xã,cong_son,,2,20
6253,Xã Văn Quan,xa_van_quan,xã,van_quan,,2,20
6280,Xã Điềm He,xa_diem_he,xã,diem_he,,2,20
6286,Xã Khánh Khê,xa_khanh_khe,xã,khanh_khe,,2,20
6298,Xã Yên Phúc,xa_yen_phuc,xã,yen_phuc,,2,20
6313,Xã Tri Lễ,xa_tri_le,xã,tri_le,,2,20
6316,Xã Tân Đoàn,xa_tan_doan,xã,tan_doan,,2,20
6325,xã Bắc Sơn,xa_bac_son,xã,bac_son,,2,20
6337,Xã Tân Tri,xa_tan_tri,xã,tan_tri,,2,20
6349,Xã Hưng Vũ,xa_hung_vu,xã,hung_vu,,2,20
6364,Xã Vũ Lễ,xa_vu_le,xã,vu_le,,2,20
6367,Xã Vũ Lăng,xa_vu_lang,xã,vu_lang,,2,20
6376,Xã Nhất Hòa,xa_nhat_hoa,xã,nhat_hoa,,2,20
6385,Xã Hữu Lũng,xa_huu_lung,xã,huu_lung,,2,20
6391,Xã Yên Bình,xa_yen_binh,xã,yen_binh,,2,20
6400,Xã Hữu Liên,xa_huu_lien,xã,huu_lien,,2,20
6415,Xã Vân Nham,xa_van_nham,xã,van_nham,,2,20
6427,Xã Cai Kinh,xa_cai_kinh,xã,cai_kinh,,2,20
6436,Xã Thiện Tân,xa_thien_tan,xã,thien_tan,,2,20
6445,Xã Tân Thành,xa_tan_thanh,xã,tan_thanh,,2,20
6457,Xã Tuấn Sơn,xa_tuan_son,xã,tuan_son,,2,20
6463,Xã Chi Lăng,xa_chi_lang,xã,chi_lang,,2,20
6475,Xã Bằng Mạc,xa_bang_mac,xã,bang_mac,,2,20
6481,Xã Chiến Thắng,xa_chien_thang,xã,chien_thang,,2,20
6496,Xã Nhân Lý,xa_nhan_ly,xã,nhan_ly,,2,20
6505,Xã Vạn Linh,xa_van_linh,xã,van_linh,,2,20
6517,Xã Quan Sơn,xa_quan_son,xã,quan_son,,2,20
6526,Xã Na Dương,xa_na_duong,xã,na_duong,,2,20
6529,Xã Lộc Bình,xa_loc_binh,xã,loc_binh,,2,20
6541,Xã Mẫu Sơn,xa_mau_son,xã,mau_son,,2,20
6565,Xã Khuất Xá,xa_khuat_xa,xã,khuat_xa,,2,20
6577,Xã Thống Nhất,xa_thong_nhat,xã,thong_nhat,,2,20
6601,Xã Lợi Bác,xa_loi_bac,xã,loi_bac,,2,20
6607,Xã Xuân Dương,xa_xuan_duong,xã,xuan_duong,,2,20
6613,Xã Đình Lập,xa_dinh_lap,xã,dinh_lap,,2,20
6616,Xã Thái Bình,xa_thai_binh,xã,thai_binh,,2,20
6625,Xã Kiên Mộc,xa_kien_moc,xã,kien_moc,,2,20
6637,Xã Châu Sơn,xa_chau_son,xã,chau_son,,2,20
22,Tỉnh Quảng Ninh,quang_ninh,tỉnh,,203,1,
6652,Phường Hà Tu,phuong_ha_tu,phường,ha_tu,,2,22
6658,Phường Cao Xanh,phuong_cao_xanh,phường,cao_xanh,,2,22
6661,Phường Việt Hưng,phuong_viet_hung,phường,viet_hung,,2,22
6673,Phường Bãi Cháy,phuong_bai_chay,phường,bai_chay,,2,22
6676,Phường Hà Lầm,phuong_ha_lam,phường,ha_lam,,2,22
6685,Phường Hồng Gai,phuong_hong_gai,phường,hong_gai,,2,22
6688,Phường Hạ Long,phuong_ha_long,phường,ha_long,,2,22
6706,Phường Tuần Châu,phuong_tuan_chau,phường,tuan_chau,,2,22
6709,Phường Móng Cái 2,phuong_mong_cai_2,phường,mong_cai_2,,2,22
6712,Phường Móng Cái 1,phuong_mong_cai_1,phường,mong_cai_1,,2,22
6724,Xã Hải Sơn,xa_hai_son,xã,hai_son,,2,22
6733,Xã Hải Ninh,xa_hai_ninh,xã,hai_ninh,,2,22
6736,Phường Móng Cái 3,phuong_mong_cai_3,phường,mong_cai_3,,2,22
6757,Xã Vĩnh Thực,xa_vinh_thuc,xã,vinh_thuc,,2,22
6760,Phường Mông Dương,phuong_mong_duong,phường,mong_duong,,2,22
6778,Phường Quang Hanh,phuong_quang_hanh,phường,quang_hanh,,2,22
6781,Phường Cửa Ông,phuong_cua_ong,phường,cua_ong,,2,22
6793,Phường Cẩm Phả,phuong_cam_pha,phường,cam_pha,,2,22
6799,Xã Hải Hòa,xa_hai_hoa,xã,hai_hoa,,2,22
6811,Phường Uông Bí,phuong_uong_bi,phường,uong_bi,,2,22
6820,Phường Vàng Danh,phuong_vang_danh,phường,vang_danh,,2,22
6832,Phường Yên Tử,phuong_yen_tu,phường,yen_tu,,2,22
6838,Xã Bình Liêu,xa_binh_lieu,xã,binh_lieu,,2,22
6841,Xã Hoành Mô,xa_hoanh_mo,xã,hoanh_mo,,2,22
6856,Xã Lục Hồn,xa_luc_hon,xã,luc_hon,,2,22
6862,Xã Tiên Yên,xa_tien_yen,xã,tien_yen,,2,22
6874,Xã Điền Xá,xa_dien_xa,xã,dien_xa,,2,22
6877,Xã Đông Ngũ,xa_dong_ngu,xã,dong_ngu,,2,22
6886,Xã Hải Lạng,xa_hai_lang,xã,hai_lang,,2,22
6895,Xã Đầm Hà,xa_dam_ha,xã,dam_ha,,2,22
6913,Xã Quảng Tân,xa_quang_tan,xã,quang_tan,,2,22
6922,Xã Quảng Hà,xa_quang_ha,xã,quang_ha,,2,22
6931,Xã Quảng Đức,xa_quang_duc,xã,quang_duc,,2,22
6946,Xã Đường Hoa,xa_duong_hoa,xã,duong_hoa,,2,22
6967,Xã Cái Chiên,xa_cai_chien,xã,cai_chien,,2,22
6970,Xã Ba Chẽ,xa_ba_che,xã,ba_che,,2,22
6979,Xã Kỳ Thượng,xa_ky_thuong,xã,ky_thuong,,2,22
6985,Xã Lương Minh,xa_luong_minh,xã,luong_minh,,2,22
6994,Đặc khu Vân Đồn,dac_khu_van_don,đặc khu,van_don,,2,22
7030,Phường Hoành Bồ,phuong_hoanh_bo,phường,hoanh_bo,,2,22
7054,Xã Quảng La,xa_quang_la,xã,quang_la,,2,22
7060,Xã Thống Nhất,xa_thong_nhat,xã,thong_nhat,,2,22
7069,Phường Mạo Khê,phuong_mao_khe,phường,mao_khe,,2,22
7081,Phường Bình Khê,phuong_binh_khe,phường,binh_khe,,2,22
7090,Phường An Sinh,phuong_an_sinh,phường,an_sinh,,2,22
7093,Phường Đông Triều,phuong_dong_trieu,phường,dong_trieu,,2,22
7114,Phường Hoàng Quế,phuong_hoang_que,phường,hoang_que,,2,22
7132,Phường Quảng Yên,phuong_quang_yen,phường,quang_yen,,2,22
7135,Phường Đông Mai,phuong_dong_mai,phường,dong_mai,,2,22
7147,Phường Hiệp Hòa,phuong_hiep_hoa,phường,hiep_hoa,,2,22
7168,Phường Hà An,phuong_ha_an,phường,ha_an,,2,22
7180,Phường Liên Hòa,phuong_lien_hoa,phường,lien_hoa,,2,22
7183,Phường Phong Cốc,phuong_phong_coc,phường,phong_coc,,2,22
7192,Đặc khu Cô Tô,dac_khu_co_to,đặc khu,co_to,,2,22
24,Tỉnh Bắc Ninh,bac_ninh,tỉnh,,222,1,
7210,Phường Bắc Giang,phuong_bac_giang,phường,bac_giang,,2,24
7228,Phường Đa Mai,phuong_da_mai,phường,da_mai,,2,24
7246,Xã Xuân Lương,xa_xuan_luong,xã,xuan_luong,,2,24
7264,Xã Tam Tiến,xa_tam_tien,xã,tam_tien,,2,24
7282,Xã Đồng Kỳ,xa_dong_ky,xã,dong_ky,,2,24
7288,Xã Yên Thế,xa_yen_the,xã,yen_the,,2,24
7294,Xã Bố Hạ,xa_bo_ha,xã,bo_ha,,2,24
7306,Xã Nhã Nam,xa_nha_nam,xã,nha_nam,,2,24
7330,Xã Phúc Hòa,xa_phuc_hoa,xã,phuc_hoa,,2,24
7333,Xã Quang Trung,xa_quang_trung,xã,quang_trung,,2,24
7339,Xã Tân Yên,xa_tan_yen,xã,tan_yen,,2,24
7351,Xã Ngọc Thiện,xa_ngoc_thien,xã,ngoc_thien,,2,24
7375,Xã Lạng Giang,xa_lang_giang,xã,lang_giang,,2,24
7381,Xã Tiên Lục,xa_tien_luc,xã,tien_luc,,2,24
7399,Xã Kép,xa_kep,xã,kep,,2,24
7420,Xã Mỹ Thái,xa_my_thai,xã,my_thai,,2,24
7432,Xã Tân Dĩnh,xa_tan_dinh,xã,tan_dinh,,2,24
7444,Xã Lục Nam,xa_luc_nam,xã,luc_nam,,2,24
7450,Xã Đông Phú,xa_dong_phu,xã,dong_phu,,2,24
7462,Xã Bảo Đài,xa_bao_dai,xã,bao_dai,,2,24
7486,Xã Nghĩa Phương,xa_nghia_phuong,xã,nghia_phuong,,2,24
7489,Xã Trường Sơn,xa_truong_son,xã,truong_son,,2,24
7492,Xã Lục Sơn,xa_luc_son,xã,luc_son,,2,24
7498,Xã Bắc Lũng,xa_bac_lung,xã,bac_lung,,2,24
7519,Xã Cẩm Lý,xa_cam_ly,xã,cam_ly,,2,24
7525,Phường Chũ,phuong_chu,phường,chu,,2,24
7531,Xã Tân Sơn,xa_tan_son,xã,tan_son,,2,24
7534,Xã Sa Lý,xa_sa_ly,xã,sa_ly,,2,24
7537,Xã Biên Sơn,xa_bien_son,xã,bien_son,,2,24
7543,Xã Sơn Hải,xa_son_hai,xã,son_hai,,2,24
7552,Xã Kiên Lao,xa_kien_lao,xã,kien_lao,,2,24
7573,Xã Biển Động,xa_bien_dong,xã,bien_dong,,2,24
7582,Xã Lục Ngạn,xa_luc_ngan,xã,luc_ngan,,2,24
7594,Xã Đèo Gia,xa_deo_gia,xã,deo_gia,,2,24
7603,Xã Nam Dương,xa_nam_duong,xã,nam_duong,,2,24
7612,Phường Phượng Sơn,phuong_phuong_son,phường,phuong_son,,2,24
7615,Xã Sơn Động,xa_son_dong,xã,son_dong,,2,24
7616,Xã Tây Yên Tử,xa_tay_yen_tu,xã,tay_yen_tu,,2,24
7621,Xã Vân Sơn,xa_van_son,xã,van_son,,2,24
7627,Xã Đại Sơn,xa_dai_son,xã,dai_son,,2,24
7642,Xã Yên Định,xa_yen_dinh,xã,yen_dinh,,2,24
7654,Xã An Lạc,xa_an_lac,xã,an_lac,,2,24
7663,Xã Tuấn Đạo,xa_tuan_dao,xã,tuan_dao,,2,24
7672,Xã Dương Hưu,xa_duong_huu,xã,duong_huu,,2,24
7681,Phường Yên Dũng,phuong_yen_dung,phường,yen_dung,,2,24
7682,Phường Tân An,phuong_tan_an,phường,tan_an,,2,24
7696,Phường Tiền Phong,phuong_tien_phong,phường,tien_phong,,2,24
7699,Phường Tân Tiến,phuong_tan_tien,phường,tan_tien,,2,24
7735,Xã Đồng Việt,xa_dong_viet,xã,dong_viet,,2,24
7738,Phường Cảnh Thụy,phuong_canh_thuy,phường,canh_thuy,,2,24
7774,Phường Tự Lạn,phuong_tu_lan,phường,tu_lan,,2,24
7777,Phường Việt Yên,phuong_viet_yen,phường,viet_yen,,2,24
7795,Phường Nếnh,phuong_nenh,phường,nenh,,2,24
7798,Phường Vân Hà,phuong_van_ha,phường,van_ha,,2,24
7822,Xã Hoàng Vân,xa_hoang_van,xã,hoang_van,,2,24
7840,Xã Hiệp Hoà,xa_hiep_hoa,xã,hiep_hoa,,2,24
7864,Xã Hợp Thịnh,xa_hop_thinh,xã,hop_thinh,,2,24
7870,Xã Xuân Cẩm,xa_xuan_cam,xã,xuan_cam,,2,24
9169,Phường Vũ Ninh,phuong_vu_ninh,phường,vu_ninh,,2,24
9187,Phường Kinh Bắc,phuong_kinh_bac,phường,kinh_bac,,2,24
9190,Phường Võ Cường,phuong_vo_cuong,phường,vo_cuong,,2,24
9193,Xã Yên Phong,xa_yen_phong,xã,yen_phong,,2,24
9202,Xã Tam Giang,xa_tam_giang,xã,tam_giang,,2,24
9205,Xã Yên Trung,xa_yen_trung,xã,yen_trung,,2,24
9208,Xã Tam Đa,xa_tam_da,xã,tam_da,,2,24
9238,Xã Văn Môn,xa_van_mon,xã,van_mon,,2,24
9247,Phường Quế Võ,phuong_que_vo,phường,que_vo,,2,24
9253,Phường Nhân Hòa,phuong_nhan_hoa,phường,nhan_hoa,,2,24
9265,Phường Phương Liễu,phuong_phuong_lieu,phường,phuong_lieu,,2,24
9286,Phường Nam Sơn,phuong_nam_son,phường,nam_son,,2,24
9292,Xã Phù Lãng,xa_phu_lang,xã,phu_lang,,2,24
9295,Phường Bồng Lai,phuong_bong_lai,phường,bong_lai,,2,24
9301,Phường Đào Viên,phuong_dao_vien,phường,dao_vien,,2,24
9313,Xã Chi Lăng,xa_chi_lang,xã,chi_lang,,2,24
9319,Xã Tiên Du,xa_tien_du,xã,tien_du,,2,24
9325,Phường Hạp Lĩnh,phuong_hap_linh,phường,hap_linh,,2,24
9334,Xã Liên Bão,xa_lien_bao,xã,lien_bao,,2,24
9340,Xã Đại Đồng,xa_dai_dong,xã,dai_dong,,2,24
9343,Xã Tân Chi,xa_tan_chi,xã,tan_chi,,2,24
9349,Xã Phật Tích,xa_phat_tich,xã,phat_tich,,2,24
9367,Phường Từ Sơn,phuong_tu_son,phường,tu_son,,2,24
9370,Phường Tam Sơn,phuong_tam_son,phường,tam_son,,2,24
9379,Phường Phù Khê,phuong_phu_khe,phường,phu_khe,,2,24
9385,Phường Đồng Nguyên,phuong_dong_nguyen,phường,dong_nguyen,,2,24
9400,Phường Thuận Thành,phuong_thuan_thanh,phường,thuan_thanh,,2,24
9409,Phường Mão Điền,phuong_mao_dien,phường,mao_dien,,2,24
9427,Phường Trí Quả,phuong_tri_qua,phường,tri_qua,,2,24
9430,Phường Trạm Lộ,phuong_tram_lo,phường,tram_lo,,2,24
9433,Phường Song Liễu,phuong_song_lieu,phường,song_lieu,,2,24
9445,Phường Ninh Xá,phuong_ninh_xa,phường,ninh_xa,,2,24
9454,Xã Gia Bình,xa_gia_binh,xã,gia_binh,,2,24
9466,Xã Cao Đức,xa_cao_duc,xã,cao_duc,,2,24
9469,Xã Đại Lai,xa_dai_lai,xã,dai_lai,,2,24
9475,Xã Nhân Thắng,xa_nhan_thang,xã,nhan_thang,,2,24
9487,Xã Đông Cứu,xa_dong_cuu,xã,dong_cuu,,2,24
9496,Xã Lương Tài,xa_luong_tai,xã,luong_tai,,2,24
9499,Xã Trung Kênh,xa_trung_kenh,xã,trung_kenh,,2,24
9523,Xã Trung Chính,xa_trung_chinh,xã,trung_chinh,,2,24
9529,Xã Lâm Thao,xa_lam_thao,xã,lam_thao,,2,24
25,Tỉnh Phú Thọ,phu_tho,tỉnh,,210,1,
4792,Phường Tân Hòa,phuong_tan_hoa,phường,tan_hoa,,2,25
4795,Phường Hòa Bình,phuong_hoa_binh,phường,hoa_binh,,2,25
4828,Phường Thống Nhất,phuong_thong_nhat,phường,thong_nhat,,2,25
4831,Xã Đà Bắc,xa_da_bac,xã,da_bac,,2,25
4846,Xã Đức Nhàn,xa_duc_nhan,xã,duc_nhan,,2,25
4849,Xã Tân Pheo,xa_tan_pheo,xã,tan_pheo,,2,25
4873,Xã Quy Đức,xa_quy_duc,xã,quy_duc,,2,25
4876,Xã Cao Sơn,xa_cao_son,xã,cao_son,,2,25
4891,Xã Tiền Phong,xa_tien_phong,xã,tien_phong,,2,25
4894,Phường Kỳ Sơn,phuong_ky_son,phường,ky_son,,2,25
4897,Xã Thịnh Minh,xa_thinh_minh,xã,thinh_minh,,2,25
4924,Xã Lương Sơn,xa_luong_son,xã,luong_son,,2,25
4960,Xã Liên Sơn,xa_lien_son,xã,lien_son,,2,25
4978,Xã Kim Bôi,xa_kim_boi,xã,kim_boi,,2,25
4990,Xã Nật Sơn,xa_nat_son,xã,nat_son,,2,25
5014,Xã Mường Động,xa_muong_dong,xã,muong_dong,,2,25
5047,Xã Cao Dương,xa_cao_duong,xã,cao_duong,,2,25
5068,Xã Hợp Kim,xa_hop_kim,xã,hop_kim,,2,25
5086,Xã Dũng Tiến,xa_dung_tien,xã,dung_tien,,2,25
5089,Xã Cao Phong,xa_cao_phong,xã,cao_phong,,2,25
5092,Xã Thung Nai,xa_thung_nai,xã,thung_nai,,2,25
5116,Xã Mường Thàng,xa_muong_thang,xã,muong_thang,,2,25
5128,Xã Tân Lạc,xa_tan_lac,xã,tan_lac,,2,25
5134,Xã Mường Hoa,xa_muong_hoa,xã,muong_hoa,,2,25
5152,Xã Vân Sơn,xa_van_son,xã,van_son,,2,25
5158,Xã Mường Bi,xa_muong_bi,xã,muong_bi,,2,25
5191,Xã Toàn Thắng,xa_toan_thang,xã,toan_thang,,2,25
5200,Xã Mai Châu,xa_mai_chau,xã,mai_chau,,2,25
5206,Xã Tân Mai,xa_tan_mai,xã,tan_mai,,2,25
5212,Xã Pà Cò,xa_pa_co,xã,pa_co,,2,25
5245,Xã Bao La,xa_bao_la,xã,bao_la,,2,25
5251,Xã Mai Hạ,xa_mai_ha,xã,mai_ha,,2,25
5266,Xã Lạc Sơn,xa_lac_son,xã,lac_son,,2,25
5287,Xã Mường Vang,xa_muong_vang,xã,muong_vang,,2,25
5290,Xã Nhân Nghĩa,xa_nhan_nghia,xã,nhan_nghia,,2,25
5293,Xã Thượng Cốc,xa_thuong_coc,xã,thuong_coc,,2,25
5305,Xã Yên Phú,xa_yen_phu,xã,yen_phu,,2,25
5323,Xã Quyết Thắng,xa_quyet_thang,xã,quyet_thang,,2,25
5329,Xã Ngọc Sơn,xa_ngoc_son,xã,ngoc_son,,2,25
5347,Xã Đại Đồng,xa_dai_dong,xã,dai_dong,,2,25
5353,Xã Yên Thủy,xa_yen_thuy,xã,yen_thuy,,2,25
5362,Xã Lạc Lương,xa_lac_luong,xã,lac_luong,,2,25
5386,Xã Yên Trị,xa_yen_tri,xã,yen_tri,,2,25
5392,Xã Lạc Thủy,xa_lac_thuy,xã,lac_thuy,,2,25
5395,Xã An Nghĩa,xa_an_nghia,xã,an_nghia,,2,25
5425,Xã An Bình,xa_an_binh,xã,an_binh,,2,25
7894,Phường Nông Trang,phuong_nong_trang,phường,nong_trang,,2,25
7900,Phường Việt Trì,phuong_viet_tri,phường,viet_tri,,2,25
7909,Phường Thanh Miếu,phuong_thanh_mieu,phường,thanh_mieu,,2,25
7918,Phường Vân Phú,phuong_van_phu,phường,van_phu,,2,25
7942,Phường Phú Thọ,phuong_phu_tho,phường,phu_tho,,2,25
7948,Phường Âu Cơ,phuong_au_co,phường,au_co,,2,25
7954,Phường Phong Châu,phuong_phong_chau,phường,phong_chau,,2,25
7969,Xã Đoan Hùng,xa_doan_hung,xã,doan_hung,,2,25
7996,Xã Bằng Luân,xa_bang_luan,xã,bang_luan,,2,25
7999,Xã Chí Đám,xa_chi_dam,xã,chi_dam,,2,25
8023,Xã Tây Cốc,xa_tay_coc,xã,tay_coc,,2,25
8038,Xã Chân Mộng,xa_chan_mong,xã,chan_mong,,2,25
8053,Xã Hạ Hòa,xa_ha_hoa,xã,ha_hoa,,2,25
8071,Xã Đan Thượng,xa_dan_thuong,xã,dan_thuong,,2,25
8110,Xã Hiền Lương,xa_hien_luong,xã,hien_luong,,2,25
8113,Xã Yên Kỳ,xa_yen_ky,xã,yen_ky,,2,25
8134,Xã Văn Lang,xa_van_lang,xã,van_lang,,2,25
8143,Xã Vĩnh Chân,xa_vinh_chan,xã,vinh_chan,,2,25
8152,Xã Thanh Ba,xa_thanh_ba,xã,thanh_ba,,2,25
8173,Xã Quảng Yên,xa_quang_yen,xã,quang_yen,,2,25
8203,Xã Hoàng Cương,xa_hoang_cuong,xã,hoang_cuong,,2,25
8209,Xã Đông Thành,xa_dong_thanh,xã,dong_thanh,,2,25
8218,Xã Chí Tiên,xa_chi_tien,xã,chi_tien,,2,25
8227,Xã Liên Minh,xa_lien_minh,xã,lien_minh,,2,25
8230,Xã Phù Ninh,xa_phu_ninh,xã,phu_ninh,,2,25
8236,Xã Phú Mỹ,xa_phu_my,xã,phu_my,,2,25
8245,Xã Trạm Thản,xa_tram_than,xã,tram_than,,2,25
8254,Xã Dân Chủ,xa_dan_chu,xã,dan_chu,,2,25
8275,Xã Bình Phú,xa_binh_phu,xã,binh_phu,,2,25
8290,Xã Yên Lập,xa_yen_lap,xã,yen_lap,,2,25
8296,Xã Sơn Lương,xa_son_luong,xã,son_luong,,2,25
8305,Xã Xuân Viên,xa_xuan_vien,xã,xuan_vien,,2,25
8311,Xã Trung Sơn,xa_trung_son,xã,trung_son,,2,25
8323,Xã Thượng Long,xa_thuong_long,xã,thuong_long,,2,25
8338,Xã Minh Hòa,xa_minh_hoa,xã,minh_hoa,,2,25
8341,Xã Cẩm Khê,xa_cam_khe,xã,cam_khe,,2,25
8344,Xã Tiên Lương,xa_tien_luong,xã,tien_luong,,2,25
8377,Xã Vân Bán,xa_van_ban,xã,van_ban,,2,25
8398,Xã Phú Khê,xa_phu_khe,xã,phu_khe,,2,25
8416,Xã Hùng Việt,xa_hung_viet,xã,hung_viet,,2,25
8431,Xã Đồng Lương,xa_dong_luong,xã,dong_luong,,2,25
8434,Xã Tam Nông,xa_tam_nong,xã,tam_nong,,2,25
8443,Xã Hiền Quan,xa_hien_quan,xã,hien_quan,,2,25
8467,Xã Vạn Xuân,xa_van_xuan,xã,van_xuan,,2,25
8479,Xã Thọ Văn,xa_tho_van,xã,tho_van,,2,25
8494,Xã Lâm Thao,xa_lam_thao,xã,lam_thao,,2,25
8500,Xã Xuân Lũng,xa_xuan_lung,xã,xuan_lung,,2,25
8515,Xã Hy Cương,xa_hy_cuong,xã,hy_cuong,,2,25
8521,Xã Phùng Nguyên,xa_phung_nguyen,xã,phung_nguyen,,2,25
8527,Xã Bản Nguyên,xa_ban_nguyen,xã,ban_nguyen,,2,25
8542,Xã Thanh Sơn,xa_thanh_son,xã,thanh_son,,2,25
8545,Xã Thu Cúc,xa_thu_cuc,xã,thu_cuc,,2,25
8560,Xã Lai Đồng,xa_lai_dong,xã,lai_dong,,2,25
8566,Xã Tân Sơn,xa_tan_son,xã,tan_son,,2,25
8584,Xã Võ Miếu,xa_vo_mieu,xã,vo_mieu,,2,25
8590,Xã Xuân Đài,xa_xuan_dai,xã,xuan_dai,,2,25
8593,Xã Minh Đài,xa_minh_dai,xã,minh_dai,,2,25
8611,Xã Văn Miếu,xa_van_mieu,xã,van_mieu,,2,25
8614,Xã Cự Đồng,xa_cu_dong,xã,cu_dong,,2,25
8620,Xã Long Cốc,xa_long_coc,xã,long_coc,,2,25
8632,Xã Hương Cần,xa_huong_can,xã,huong_can,,2,25
8635,Xã Khả Cửu,xa_kha_cuu,xã,kha_cuu,,2,25
8656,Xã Yên Sơn,xa_yen_son,xã,yen_son,,2,25
8662,Xã Đào Xá,xa_dao_xa,xã,dao_xa,,2,25
8674,Xã Thanh Thủy,xa_thanh_thuy,xã,thanh_thuy,,2,25
8686,Xã Tu Vũ,xa_tu_vu,xã,tu_vu,,2,25
8707,Phường Vĩnh Yên,phuong_vinh_yen,phường,vinh_yen,,2,25
8716,Phường Vĩnh Phúc,phuong_vinh_phuc,phường,vinh_phuc,,2,25
8740,Phường Phúc Yên,phuong_phuc_yen,phường,phuc_yen,,2,25
8746,Phường Xuân Hòa,phuong_xuan_hoa,phường,xuan_hoa,,2,25
8761,Xã Lập Thạch,xa_lap_thach,xã,lap_thach,,2,25
8770,Xã Hợp Lý,xa_hop_ly,xã,hop_ly,,2,25
8773,Xã Yên Lãng,xa_yen_lang,xã,yen_lang,,2,25
8782,Xã Hải Lựu,xa_hai_luu,xã,hai_luu,,2,25
8788,Xã Thái Hòa,xa_thai_hoa,xã,thai_hoa,,2,25
8812,Xã Liên Hòa,xa_lien_hoa,xã,lien_hoa,,2,25
8824,Xã Tam Sơn,xa_tam_son,xã,tam_son,,2,25
8842,Xã Tiên Lữ,xa_tien_lu,xã,tien_lu,,2,25
8848,Xã Sông Lô,xa_song_lo,xã,song_lo,,2,25
8866,Xã Sơn Đông,xa_son_dong,xã,son_dong,,2,25
8869,Xã Tam Dương,xa_tam_duong,xã,tam_duong,,2,25
8872,Xã Tam Dương Bắc,xa_tam_duong_bac,xã,tam_duong_bac,,2,25
8896,Xã Hoàng An,xa_hoang_an,xã,hoang_an,,2,25
8905,Xã Hội Thịnh,xa_hoi_thinh,xã,hoi_thinh,,2,25
8911,Xã Tam Đảo,xa_tam_dao,xã,tam_dao,,2,25
8914,Xã Đạo Trù,xa_dao_tru,xã,dao_tru,,2,25
8923,Xã Đại Đình,xa_dai_dinh,xã,dai_dinh,,2,25
8935,Xã Bình Nguyên,xa_binh_nguyen,xã,binh_nguyen,,2,25
8944,Xã Bình Tuyền,xa_binh_tuyen,xã,binh_tuyen,,2,25
8950,Xã Bình Xuyên,xa_binh_xuyen,xã,binh_xuyen,,2,25
8971,Xã Xuân Lãng,xa_xuan_lang,xã,xuan_lang,,2,25
9025,Xã Yên Lạc,xa_yen_lac,xã,yen_lac,,2,25
9040,Xã Tề Lỗ,xa_te_lo,xã,te_lo,,2,25
9043,Xã Tam Hồng,xa_tam_hong,xã,tam_hong,,2,25
9052,Xã Nguyệt Đức,xa_nguyet_duc,xã,nguyet_duc,,2,25
9064,Xã Liên Châu,xa_lien_chau,xã,lien_chau,,2,25
9076,Xã Vĩnh Tường,xa_vinh_tuong,xã,vinh_tuong,,2,25
9079,Xã Vĩnh An,xa_vinh_an,xã,vinh_an,,2,25
9100,Xã Vĩnh Hưng,xa_vinh_hung,xã,vinh_hung,,2,25
9106,Xã Vĩnh Thành,xa_vinh_thanh,xã,vinh_thanh,,2,25
9112,Xã Thổ Tang,xa_tho_tang,xã,tho_tang,,2,25
9154,Xã Vĩnh Phú,xa_vinh_phu,xã,vinh_phu,,2,25
31,Thành phố Hải Phòng,hai_phong,thành phố trung ương,,225,1,
10507,Phường Thành Đông,phuong_thanh_dong,phường,thanh_dong,,2,31
10525,Phường Hải Dương,phuong_hai_duong,phường,hai_duong,,2,31
10532,Phường Lê Thanh Nghị,phuong_le_thanh_nghi,phường,le_thanh_nghi,,2,31
10537,Phường Tân Hưng,phuong_tan_hung,phường,tan_hung,,2,31
10543,Phường Việt Hòa,phuong_viet_hoa,phường,viet_hoa,,2,31
10546,Phường Chí Linh,phuong_chi_linh,phường,chi_linh,,2,31
10549,Phường Chu Văn An,phuong_chu_van_an,phường,chu_van_an,,2,31
10552,Phường Nguyễn Trãi,phuong_nguyen_trai,phường,nguyen_trai,,2,31
10570,Phường Trần Hưng Đạo,phuong_tran_hung_dao,phường,tran_hung_dao,,2,31
10573,Phường Trần Nhân Tông,phuong_tran_nhan_tong,phường,tran_nhan_tong,,2,31
10603,Phường Lê Đại Hành,phuong_le_dai_hanh,phường,le_dai_hanh,,2,31
10606,Xã Nam Sách,xa_nam_sach,xã,nam_sach,,2,31
10615,Xã Hợp Tiến,xa_hop_tien,xã,hop_tien,,2,31
10633,Xã Trần Phú,xa_tran_phu,xã,tran_phu,,2,31
10642,Xã Thái Tân,xa_thai_tan,xã,thai_tan,,2,31
10645,Xã An Phú,xa_an_phu,xã,an_phu,,2,31
10660,Phường Ái Quốc,phuong_ai_quoc,phường,ai_quoc,,2,31
10675,Phường Kinh Môn,phuong_kinh_mon,phường,kinh_mon,,2,31
10678,Phường Bắc An Phụ,phuong_bac_an_phu,phường,bac_an_phu,,2,31
10705,Xã Nam An Phụ,xa_nam_an_phu,xã,nam_an_phu,,2,31
10714,Phường Nhị Chiểu,phuong_nhi_chieu,phường,nhi_chieu,,2,31
10726,Phường Phạm Sư Mạnh,phuong_pham_su_manh,phường,pham_su_manh,,2,31
10729,Phường Trần Liễu,phuong_tran_lieu,phường,tran_lieu,,2,31
10744,Phường Nguyễn Đại Năng,phuong_nguyen_dai_nang,phường,nguyen_dai_nang,,2,31
10750,Xã Phú Thái,xa_phu_thai,xã,phu_thai,,2,31
10756,Xã Lai Khê,xa_lai_khe,xã,lai_khe,,2,31
10792,Xã An Thành,xa_an_thanh,xã,an_thanh,,2,31
10804,Xã Kim Thành,xa_kim_thanh,xã,kim_thanh,,2,31
10813,Xã Thanh Hà,xa_thanh_ha,xã,thanh_ha,,2,31
10816,Xã Hà Bắc,xa_ha_bac,xã,ha_bac,,2,31
10837,Phường Nam Đồng,phuong_nam_dong,phường,nam_dong,,2,31
10843,Xã Hà Nam,xa_ha_nam,xã,ha_nam,,2,31
10846,Xã Hà Tây,xa_ha_tay,xã,ha_tay,,2,31
10882,Xã Hà Đông,xa_ha_dong,xã,ha_dong,,2,31
10888,Xã Cẩm Giang,xa_cam_giang,xã,cam_giang,,2,31
10891,Phường Tứ Minh,phuong_tu_minh,phường,tu_minh,,2,31
10903,Xã Cẩm Giàng,xa_cam_giang,xã,cam_giang,,2,31
10909,Xã Tuệ Tĩnh,xa_tue_tinh,xã,tue_tinh,,2,31
10930,Xã Mao Điền,xa_mao_dien,xã,mao_dien,,2,31
10945,Xã Kẻ Sặt,xa_ke_sat,xã,ke_sat,,2,31
10966,Xã Bình Giang,xa_binh_giang,xã,binh_giang,,2,31
10972,Xã Đường An,xa_duong_an,xã,duong_an,,2,31
10993,Xã Thượng Hồng,xa_thuong_hong,xã,thuong_hong,,2,31
10999,Xã Gia Lộc,xa_gia_loc,xã,gia_loc,,2,31
11002,Phường Thạch Khôi,phuong_thach_khoi,phường,thach_khoi,,2,31
11020,Xã Yết Kiêu,xa_yet_kieu,xã,yet_kieu,,2,31
11050,Xã Gia Phúc,xa_gia_phuc,xã,gia_phuc,,2,31
11065,Xã Trường Tân,xa_truong_tan,xã,truong_tan,,2,31
11074,Xã Tứ Kỳ,xa_tu_ky,xã,tu_ky,,2,31
11086,Xã Đại Sơn,xa_dai_son,xã,dai_son,,2,31
11113,Xã Tân Kỳ,xa_tan_ky,xã,tan_ky,,2,31
11131,Xã Chí Minh,xa_chi_minh,xã,chi_minh,,2,31
11140,Xã Lạc Phượng,xa_lac_phuong,xã,lac_phuong,,2,31
11146,Xã Nguyên Giáp,xa_nguyen_giap,xã,nguyen_giap,,2,31
11164,Xã Vĩnh Lại,xa_vinh_lai,xã,vinh_lai,,2,31
11167,Xã Tân An,xa_tan_an,xã,tan_an,,2,31
11203,Xã Ninh Giang,xa_ninh_giang,xã,ninh_giang,,2,31
11218,Xã Hồng Châu,xa_hong_chau,xã,hong_chau,,2,31
11224,Xã Khúc Thừa Dụ,xa_khuc_thua_du,xã,khuc_thua_du,,2,31
11239,Xã Thanh Miện,xa_thanh_mien,xã,thanh_mien,,2,31
11242,Xã Nguyễn Lương Bằng,xa_nguyen_luong_bang,xã,nguyen_luong_bang,,2,31
11254,Xã Bắc Thanh Miện,xa_bac_thanh_mien,xã,bac_thanh_mien,,2,31
11257,Xã Hải Hưng,xa_hai_hung,xã,hai_hung,,2,31
11284,Xã Nam Thanh Miện,xa_nam_thanh_mien,xã,nam_thanh_mien,,2,31
11311,Phường Hồng Bàng,phuong_hong_bang,phường,hong_bang,,2,31
11329,Phường Ngô Quyền,phuong_ngo_quyen,phường,ngo_quyen,,2,31
11359,Phường Gia Viên,phuong_gia_vien,phường,gia_vien,,2,31
11383,Phường Lê Chân,phuong_le_chan,phường,le_chan,,2,31
11407,Phường An Biên,phuong_an_bien,phường,an_bien,,2,31
11411,Phường Đông Hải,phuong_dong_hai,phường,dong_hai,,2,31
11413,Phường Hải An,phuong_hai_an,phường,hai_an,,2,31
11443,Phường Kiến An,phuong_kien_an,phường,kien_an,,2,31
11446,Phường Phù Liễn,phuong_phu_lien,phường,phu_lien,,2,31
11455,Phường Đồ Sơn,phuong_do_son,phường,do_son,,2,31
11473,Phường Bạch Đằng,phuong_bach_dang,phường,bach_dang,,2,31
11488,Phường Lưu Kiếm,phuong_luu_kiem,phường,luu_kiem,,2,31
11503,Xã Việt Khê,xa_viet_khe,xã,viet_khe,,2,31
11506,Phường Lê Ích Mộc,phuong_le_ich_moc,phường,le_ich_moc,,2,31
11533,Phường Hòa Bình,phuong_hoa_binh,phường,hoa_binh,,2,31
11542,Phường Nam Triệu,phuong_nam_trieu,phường,nam_trieu,,2,31
11557,Phường Thiên Hương,phuong_thien_huong,phường,thien_huong,,2,31
11560,Phường Thủy Nguyên,phuong_thuy_nguyen,phường,thuy_nguyen,,2,31
11581,Phường An Dương,phuong_an_duong,phường,an_duong,,2,31
11593,Phường An Phong,phuong_an_phong,phường,an_phong,,2,31
11602,Phường Hồng An,phuong_hong_an,phường,hong_an,,2,31
11617,Phường An Hải,phuong_an_hai,phường,an_hai,,2,31
11629,Xã An Lão,xa_an_lao,xã,an_lao,,2,31
11635,Xã An Trường,xa_an_truong,xã,an_truong,,2,31
11647,Xã An Quang,xa_an_quang,xã,an_quang,,2,31
11668,Xã An Khánh,xa_an_khanh,xã,an_khanh,,2,31
11674,Xã An Hưng,xa_an_hung,xã,an_hung,,2,31
11680,Xã Kiến Thụy,xa_kien_thuy,xã,kien_thuy,,2,31
11689,Phường Hưng Đạo,phuong_hung_dao,phường,hung_dao,,2,31
11692,Phường Dương Kinh,phuong_duong_kinh,phường,duong_kinh,,2,31
11713,Xã Nghi Dương,xa_nghi_duong,xã,nghi_duong,,2,31
11725,Xã Kiến Minh,xa_kien_minh,xã,kien_minh,,2,31
11728,Xã Kiến Hưng,xa_kien_hung,xã,kien_hung,,2,31
11737,Phường Nam Đồ Sơn,phuong_nam_do_son,phường,nam_do_son,,2,31
11749,Xã Kiến Hải,xa_kien_hai,xã,kien_hai,,2,31
11755,Xã Tiên Lãng,xa_tien_lang,xã,tien_lang,,2,31
11761,Xã Quyết Thắng,xa_quyet_thang,xã,quyet_thang,,2,31
11779,Xã Tân Minh,xa_tan_minh,xã,tan_minh,,2,31
11791,Xã Tiên Minh,xa_tien_minh,xã,tien_minh,,2,31
11806,Xã Chấn Hưng,xa_chan_hung,xã,chan_hung,,2,31
11809,Xã Hùng Thắng,xa_hung_thang,xã,hung_thang,,2,31
11824,Xã Vĩnh Bảo,xa_vinh_bao,xã,vinh_bao,,2,31
11836,Xã Vĩnh Thịnh,xa_vinh_thinh,xã,vinh_thinh,,2,31
11842,Xã Vĩnh Thuận,xa_vinh_thuan,xã,vinh_thuan,,2,31
11848,Xã Vĩnh Hòa,xa_vinh_hoa,xã,vinh_hoa,,2,31
11875,Xã Vĩnh Hải,xa_vinh_hai,xã,vinh_hai,,2,31
11887,Xã Vĩnh Am,xa_vinh_am,xã,vinh_am,,2,31
11911,Xã Nguyễn Bỉnh Khiêm,xa_nguyen_binh_khiem,xã,nguyen_binh_khiem,,2,31
11914,Đặc khu Cát Hải,dac_khu_cat_hai,đặc khu,cat_hai,,2,31
11948,Đặc khu Bạch Long Vĩ,dac_khu_bach_long_vi,đặc khu,bach_long_vi,,2,31
33,Tỉnh Hưng Yên,hung_yen,tỉnh,,221,1,
11953,Phường Phố Hiến,phuong_pho_hien,phường,pho_hien,,2,33
11977,Xã Tân Hưng,xa_tan_hung,xã,tan_hung,,2,33
11980,Phường Hồng Châu,phuong_hong_chau,phường,hong_chau,,2,33
11983,Phường Sơn Nam,phuong_son_nam,phường,son_nam,,2,33
11992,Xã Lạc Đạo,xa_lac_dao,xã,lac_dao,,2,33
11995,Xã Đại Đồng,xa_dai_dong,xã,dai_dong,,2,33
12004,Xã Như Quỳnh,xa_nhu_quynh,xã,nhu_quynh,,2,33
12019,Xã Văn Giang,xa_van_giang,xã,van_giang,,2,33
12025,Xã Phụng Công,xa_phung_cong,xã,phung_cong,,2,33
12031,Xã Nghĩa Trụ,xa_nghia_tru,xã,nghia_tru,,2,33
12049,Xã Mễ Sở,xa_me_so,xã,me_so,,2,33
12064,Xã Nguyễn Văn Linh,xa_nguyen_van_linh,xã,nguyen_van_linh,,2,33
12070,Xã Hoàn Long,xa_hoan_long,xã,hoan_long,,2,33
12073,Xã Yên Mỹ,xa_yen_my,xã,yen_my,,2,33
12091,Xã Việt Yên,xa_viet_yen,xã,viet_yen,,2,33
12103,Phường Mỹ Hào,phuong_my_hao,phường,my_hao,,2,33
12127,Phường Thượng Hồng,phuong_thuong_hong,phường,thuong_hong,,2,33
12133,Phường Đường Hào,phuong_duong_hao,phường,duong_hao,,2,33
12142,Xã Ân Thi,xa_an_thi,xã,an_thi,,2,33
12148,Xã Phạm Ngũ Lão,xa_pham_ngu_lao,xã,pham_ngu_lao,,2,33
12166,Xã Xuân Trúc,xa_xuan_truc,xã,xuan_truc,,2,33
12184,Xã Nguyễn Trãi,xa_nguyen_trai,xã,nguyen_trai,,2,33
12196,Xã Hồng Quang,xa_hong_quang,xã,hong_quang,,2,33
12205,Xã Khoái Châu,xa_khoai_chau,xã,khoai_chau,,2,33
12223,Xã Triệu Việt Vương,xa_trieu_viet_vuong,xã,trieu_viet_vuong,,2,33
12238,Xã Việt Tiến,xa_viet_tien,xã,viet_tien,,2,33
12247,Xã Châu Ninh,xa_chau_ninh,xã,chau_ninh,,2,33
12271,Xã Chí Minh,xa_chi_minh,xã,chi_minh,,2,33
12280,Xã Lương Bằng,xa_luong_bang,xã,luong_bang,,2,33
12286,Xã Nghĩa Dân,xa_nghia_dan,xã,nghia_dan,,2,33
12313,Xã Đức Hợp,xa_duc_hop,xã,duc_hop,,2,33
12322,Xã Hiệp Cường,xa_hiep_cuong,xã,hiep_cuong,,2,33
12337,Xã Hoàng Hoa Thám,xa_hoang_hoa_tham,xã,hoang_hoa_tham,,2,33
12361,Xã Tiên Hoa,xa_tien_hoa,xã,tien_hoa,,2,33
12364,Xã Tiên Lữ,xa_tien_lu,xã,tien_lu,,2,33
12391,Xã Quang Hưng,xa_quang_hung,xã,quang_hung,,2,33
12406,Xã Đoàn Đào,xa_doan_dao,xã,doan_dao,,2,33
12424,Xã Tiên Tiến,xa_tien_tien,xã,tien_tien,,2,33
12427,Xã Tống Trân,xa_tong_tran,xã,tong_tran,,2,33
12452,Phường Trần Hưng Đạo,phuong_tran_hung_dao,phường,tran_hung_dao,,2,33
12454,Phường Trần Lãm,phuong_tran_lam,phường,tran_lam,,2,33
12466,Phường Vũ Phúc,phuong_vu_phuc,phường,vu_phuc,,2,33
12472,Xã Quỳnh Phụ,xa_quynh_phu,xã,quynh_phu,,2,33
12499,Xã A Sào,xa_a_sao,xã,a_sao,,2,33
12511,Xã Minh Thọ,xa_minh_tho,xã,minh_tho,,2,33
12517,Xã Ngọc Lâm,xa_ngoc_lam,xã,ngoc_lam,,2,33
12523,Xã Phụ Dực,xa_phu_duc,xã,phu_duc,,2,33
12526,Xã Đồng Bằng,xa_dong_bang,xã,dong_bang,,2,33
12532,Xã Nguyễn Du,xa_nguyen_du,xã,nguyen_du,,2,33
12577,Xã Quỳnh An,xa_quynh_an,xã,quynh_an,,2,33
12583,Xã Tân Tiến,xa_tan_tien,xã,tan_tien,,2,33
12586,Xã Hưng Hà,xa_hung_ha,xã,hung_ha,,2,33
12595,Xã Ngự Thiên,xa_ngu_thien,xã,ngu_thien,,2,33
12613,Xã Long Hưng,xa_long_hung,xã,long_hung,,2,33
12619,Xã Diên Hà,xa_dien_ha,xã,dien_ha,,2,33
12631,Xã Thần Khê,xa_than_khe,xã,than_khe,,2,33
12634,Xã Tiên La,xa_tien_la,xã,tien_la,,2,33
12676,Xã Lê Quý Đôn,xa_le_quy_don,xã,le_quy_don,,2,33
12685,Xã Hồng Minh,xa_hong_minh,xã,hong_minh,,2,33
12688,Xã Đông Hưng,xa_dong_hung,xã,dong_hung,,2,33
12694,Xã Bắc Đông Hưng,xa_bac_dong_hung,xã,bac_dong_hung,,2,33
12700,Xã Bắc Tiên Hưng,xa_bac_tien_hung,xã,bac_tien_hung,,2,33
12736,Xã Đông Tiên Hưng,xa_dong_tien_hung,xã,dong_tien_hung,,2,33
12745,Xã Bắc Đông Quan,xa_bac_dong_quan,xã,bac_dong_quan,,2,33
12754,Xã Tiên Hưng,xa_tien_hung,xã,tien_hung,,2,33
12763,Xã Nam Tiên Hưng,xa_nam_tien_hung,xã,nam_tien_hung,,2,33
12775,Xã Nam Đông Hưng,xa_nam_dong_hung,xã,nam_dong_hung,,2,33
12793,Xã Đông Quan,xa_dong_quan,xã,dong_quan,,2,33
12817,Phường Trà Lý,phuong_tra_ly,phường,tra_ly,,2,33
12826,Xã Thái Thụy,xa_thai_thuy,xã,thai_thuy,,2,33
12850,Xã Tây Thụy Anh,xa_tay_thuy_anh,xã,tay_thuy_anh,,2,33
12859,Xã Bắc Thụy Anh,xa_bac_thuy_anh,xã,bac_thuy_anh,,2,33
12862,Xã Đông Thụy Anh,xa_dong_thuy_anh,xã,dong_thuy_anh,,2,33
12865,Xã Thụy Anh,xa_thuy_anh,xã,thuy_anh,,2,33
12904,Xã Nam Thụy Anh,xa_nam_thuy_anh,xã,nam_thuy_anh,,2,33
12916,Xã Bắc Thái Ninh,xa_bac_thai_ninh,xã,bac_thai_ninh,,2,33
12919,Xã Tây Thái Ninh,xa_tay_thai_ninh,xã,tay_thai_ninh,,2,33
12922,Xã Thái Ninh,xa_thai_ninh,xã,thai_ninh,,2,33
12943,Xã Đông Thái Ninh,xa_dong_thai_ninh,xã,dong_thai_ninh,,2,33
12961,Xã Nam Thái Ninh,xa_nam_thai_ninh,xã,nam_thai_ninh,,2,33
12970,Xã Tiền Hải,xa_tien_hai,xã,tien_hai,,2,33
12988,Xã Đông Tiền Hải,xa_dong_tien_hai,xã,dong_tien_hai,,2,33
13003,Xã Đồng Châu,xa_dong_chau,xã,dong_chau,,2,33
13021,Xã Ái Quốc,xa_ai_quoc,xã,ai_quoc,,2,33
13039,Xã Tây Tiền Hải,xa_tay_tien_hai,xã,tay_tien_hai,,2,33
13057,Xã Nam Cường,xa_nam_cuong,xã,nam_cuong,,2,33
13063,Xã Nam Tiền Hải,xa_nam_tien_hai,xã,nam_tien_hai,,2,33
13066,Xã Hưng Phú,xa_hung_phu,xã,hung_phu,,2,33
13075,Xã Kiến Xương,xa_kien_xuong,xã,kien_xuong,,2,33
13093,Xã Trà Giang,xa_tra_giang,xã,tra_giang,,2,33
13096,Xã Bình Nguyên,xa_binh_nguyen,xã,binh_nguyen,,2,33
13120,Xã Lê Lợi,xa_le_loi,xã,le_loi,,2,33
13132,Xã Quang Lịch,xa_quang_lich,xã,quang_lich,,2,33
13141,Xã Vũ Quý,xa_vu_quy,xã,vu_quy,,2,33
13159,Xã Hồng Vũ,xa_hong_vu,xã,hong_vu,,2,33
13183,Xã Bình Thanh,xa_binh_thanh,xã,binh_thanh,,2,33
13186,Xã Bình Định,xa_binh_dinh,xã,binh_dinh,,2,33
13192,Xã Vũ Thư,xa_vu_thu,xã,vu_thu,,2,33
13219,Xã Vạn Xuân,xa_van_xuan,xã,van_xuan,,2,33
13222,Xã Thư Trì,xa_thu_tri,xã,thu_tri,,2,33
13225,Phường Thái Bình,phuong_thai_binh,phường,thai_binh,,2,33
13246,Xã Tân Thuận,xa_tan_thuan,xã,tan_thuan,,2,33
13264,Xã Thư Vũ,xa_thu_vu,xã,thu_vu,,2,33
13279,Xã Vũ Tiên,xa_vu_tien,xã,vu_tien,,2,33
37,Tỉnh Ninh Bình,ninh_binh,tỉnh,,229,1,
13285,Phường Phủ Lý,phuong_phu_ly,phường,phu_ly,,2,37
13291,Phường Phù Vân,phuong_phu_van,phường,phu_van,,2,37
13318,Phường Châu Sơn,phuong_chau_son,phường,chau_son,,2,37
13324,Phường Duy Tiên,phuong_duy_tien,phường,duy_tien,,2,37
13330,Phường Duy Tân,phuong_duy_tan,phường,duy_tan,,2,37
13336,Phường Duy Hà,phuong_duy_ha,phường,duy_ha,,2,37
13348,Phường Đồng Văn,phuong_dong_van,phường,dong_van,,2,37
13363,Phường Tiên Sơn,phuong_tien_son,phường,tien_son,,2,37
13366,Phường Hà Nam,phuong_ha_nam,phường,ha_nam,,2,37
13384,Phường Kim Bảng,phuong_kim_bang,phường,kim_bang,,2,37
13393,Phường Lê Hồ,phuong_le_ho,phường,le_ho,,2,37
13396,Phường Nguyễn Uý,phuong_nguyen_uy,phường,nguyen_uy,,2,37
13402,Phường Kim Thanh,phuong_kim_thanh,phường,kim_thanh,,2,37
13420,Phường Tam Chúc,phuong_tam_chuc,phường,tam_chuc,,2,37
13435,Phường Lý Thường Kiệt,phuong_ly_thuong_kiet,phường,ly_thuong_kiet,,2,37
13444,Phường Liêm Tuyền,phuong_liem_tuyen,phường,liem_tuyen,,2,37
13456,Xã Liêm Hà,xa_liem_ha,xã,liem_ha,,2,37
13474,Xã Tân Thanh,xa_tan_thanh,xã,tan_thanh,,2,37
13483,Xã Thanh Bình,xa_thanh_binh,xã,thanh_binh,,2,37
13489,Xã Thanh Lâm,xa_thanh_lam,xã,thanh_lam,,2,37
13495,Xã Thanh Liêm,xa_thanh_liem,xã,thanh_liem,,2,37
13501,Xã Bình Mỹ,xa_binh_my,xã,binh_my,,2,37
13504,Xã Bình Lục,xa_binh_luc,xã,binh_luc,,2,37
13531,Xã Bình Giang,xa_binh_giang,xã,binh_giang,,2,37
13540,Xã Bình An,xa_binh_an,xã,binh_an,,2,37
13558,Xã Bình Sơn,xa_binh_son,xã,binh_son,,2,37
13573,Xã Lý Nhân,xa_ly_nhan,xã,ly_nhan,,2,37
13579,Xã Bắc Lý,xa_bac_ly,xã,bac_ly,,2,37
13591,Xã Nam Xang,xa_nam_xang,xã,nam_xang,,2,37
13594,Xã Trần Thương,xa_tran_thuong,xã,tran_thuong,,2,37
13597,Xã Vĩnh Trụ,xa_vinh_tru,xã,vinh_tru,,2,37
13609,Xã Nhân Hà,xa_nhan_ha,xã,nhan_ha,,2,37
13627,Xã Nam Lý,xa_nam_ly,xã,nam_ly,,2,37
13669,Phường Nam Định,phuong_nam_dinh,phường,nam_dinh,,2,37
13684,Phường Thiên Trường,phuong_thien_truong,phường,thien_truong,,2,37
13693,Phường Đông A,phuong_dong_a,phường,dong_a,,2,37
13699,Phường Thành Nam,phuong_thanh_nam,phường,thanh_nam,,2,37
13708,Phường Mỹ Lộc,phuong_my_loc,phường,my_loc,,2,37
13741,Xã Vụ Bản,xa_vu_ban,xã,vu_ban,,2,37
13750,Xã Minh Tân,xa_minh_tan,xã,minh_tan,,2,37
13753,Xã Hiển Khánh,xa_hien_khanh,xã,hien_khanh,,2,37
13777,Phường Trường Thi,phuong_truong_thi,phường,truong_thi,,2,37
13786,Xã Liên Minh,xa_lien_minh,xã,lien_minh,,2,37
13795,Xã Ý Yên,xa_y_yen,xã,y_yen,,2,37
13807,Xã Tân Minh,xa_tan_minh,xã,tan_minh,,2,37
13822,Xã Phong Doanh,xa_phong_doanh,xã,phong_doanh,,2,37
13834,Xã Vũ Dương,xa_vu_duong,xã,vu_duong,,2,37
13864,Xã Vạn Thắng,xa_van_thang,xã,van_thang,,2,37
13870,Xã Yên Cường,xa_yen_cuong,xã,yen_cuong,,2,37
13879,Xã Yên Đồng,xa_yen_dong,xã,yen_dong,,2,37
13891,Xã Nghĩa Hưng,xa_nghia_hung,xã,nghia_hung,,2,37
13894,Xã Rạng Đông,xa_rang_dong,xã,rang_dong,,2,37
13900,Xã Đồng Thịnh,xa_dong_thinh,xã,dong_thinh,,2,37
13918,Xã Nghĩa Sơn,xa_nghia_son,xã,nghia_son,,2,37
13927,Xã Hồng Phong,xa_hong_phong,xã,hong_phong,,2,37
13939,Xã Quỹ Nhất,xa_quy_nhat,xã,quy_nhat,,2,37
13957,Xã Nghĩa Lâm,xa_nghia_lam,xã,nghia_lam,,2,37
13966,Xã Nam Trực,xa_nam_truc,xã,nam_truc,,2,37
13972,Phường Vị Khê,phuong_vi_khe,phường,vi_khe,,2,37
13984,Phường Hồng Quang,phuong_hong_quang,phường,hong_quang,,2,37
13987,Xã Nam Hồng,xa_nam_hong,xã,nam_hong,,2,37
14005,Xã Nam Ninh,xa_nam_ninh,xã,nam_ninh,,2,37
14011,Xã Nam Minh,xa_nam_minh,xã,nam_minh,,2,37
14014,Xã Nam Đồng,xa_nam_dong,xã,nam_dong,,2,37
14026,Xã Cổ Lễ,xa_co_le,xã,co_le,,2,37
14038,Xã Ninh Giang,xa_ninh_giang,xã,ninh_giang,,2,37
14053,Xã Trực Ninh,xa_truc_ninh,xã,truc_ninh,,2,37
14056,Xã Cát Thành,xa_cat_thanh,xã,cat_thanh,,2,37
14062,Xã Quang Hưng,xa_quang_hung,xã,quang_hung,,2,37
14071,Xã Minh Thái,xa_minh_thai,xã,minh_thai,,2,37
14077,Xã Ninh Cường,xa_ninh_cuong,xã,ninh_cuong,,2,37
14089,Xã Xuân Trường,xa_xuan_truong,xã,xuan_truong,,2,37
14095,Xã Xuân Hồng,xa_xuan_hong,xã,xuan_hong,,2,37
14104,Xã Xuân Giang,xa_xuan_giang,xã,xuan_giang,,2,37
14122,Xã Xuân Hưng,xa_xuan_hung,xã,xuan_hung,,2,37
14161,Xã Giao Minh,xa_giao_minh,xã,giao_minh,,2,37
14167,Xã Giao Thuỷ,xa_giao_thuy,xã,giao_thuy,,2,37
14179,Xã Giao Hưng,xa_giao_hung,xã,giao_hung,,2,37
14182,Xã Giao Hoà,xa_giao_hoa,xã,giao_hoa,,2,37
14194,Xã Giao Bình,xa_giao_binh,xã,giao_binh,,2,37
14203,Xã Giao Phúc,xa_giao_phuc,xã,giao_phuc,,2,37
14212,Xã Giao Ninh,xa_giao_ninh,xã,giao_ninh,,2,37
14215,Xã Hải Hậu,xa_hai_hau,xã,hai_hau,,2,37
14218,Xã Hải Tiến,xa_hai_tien,xã,hai_tien,,2,37
14221,Xã Hải Thịnh,xa_hai_thinh,xã,hai_thinh,,2,37
14236,Xã Hải Anh,xa_hai_anh,xã,hai_anh,,2,37
14248,Xã Hải Hưng,xa_hai_hung,xã,hai_hung,,2,37
14281,Xã Hải An,xa_hai_an,xã,hai_an,,2,37
14287,Xã Hải Quang,xa_hai_quang,xã,hai_quang,,2,37
14308,Xã Hải Xuân,xa_hai_xuan,xã,hai_xuan,,2,37
14329,Phường Hoa Lư,phuong_hoa_lu,phường,hoa_lu,,2,37
14359,Phường Nam Hoa Lư,phuong_nam_hoa_lu,phường,nam_hoa_lu,,2,37
14362,Phường Tam Điệp,phuong_tam_diep,phường,tam_diep,,2,37
14365,Phường Trung Sơn,phuong_trung_son,phường,trung_son,,2,37
14371,Phường Yên Sơn,phuong_yen_son,phường,yen_son,,2,37
14389,Xã Gia Lâm,xa_gia_lam,xã,gia_lam,,2,37
14401,Xã Gia Tường,xa_gia_tuong,xã,gia_tuong,,2,37
14404,Xã Cúc Phương,xa_cuc_phuong,xã,cuc_phuong,,2,37
14407,Xã Phú Sơn,xa_phu_son,xã,phu_son,,2,37
14428,Xã Nho Quan,xa_nho_quan,xã,nho_quan,,2,37
14434,Xã Thanh Sơn,xa_thanh_son,xã,thanh_son,,2,37
14452,Xã Quỳnh Lưu,xa_quynh_luu,xã,quynh_luu,,2,37
14458,Xã Phú Long,xa_phu_long,xã,phu_long,,2,37
14464,Xã Gia Viễn,xa_gia_vien,xã,gia_vien,,2,37
14482,Xã Gia Hưng,xa_gia_hung,xã,gia_hung,,2,37
14488,Xã Gia Vân,xa_gia_van,xã,gia_van,,2,37
14494,Xã Gia Trấn,xa_gia_tran,xã,gia_tran,,2,37
14500,Xã Đại Hoàng,xa_dai_hoang,xã,dai_hoang,,2,37
14524,Xã Gia Phong,xa_gia_phong,xã,gia_phong,,2,37
14533,Phường Tây Hoa Lư,phuong_tay_hoa_lu,phường,tay_hoa_lu,,2,37
14560,Xã Yên Khánh,xa_yen_khanh,xã,yen_khanh,,2,37
14563,Xã Khánh Thiện,xa_khanh_thien,xã,khanh_thien,,2,37
14566,Phường Đông Hoa Lư,phuong_dong_hoa_lu,phường,dong_hoa_lu,,2,37
14608,Xã Khánh Trung,xa_khanh_trung,xã,khanh_trung,,2,37
14611,Xã Khánh Nhạc,xa_khanh_nhac,xã,khanh_nhac,,2,37
14614,Xã Khánh Hội,xa_khanh_hoi,xã,khanh_hoi,,2,37
14620,Xã Phát Diệm,xa_phat_diem,xã,phat_diem,,2,37
14623,Xã Bình Minh,xa_binh_minh,xã,binh_minh,,2,37
14638,Xã Kim Sơn,xa_kim_son,xã,kim_son,,2,37
14647,Xã Quang Thiện,xa_quang_thien,xã,quang_thien,,2,37
14653,Xã Chất Bình,xa_chat_binh,xã,chat_binh,,2,37
14674,Xã Lai Thành,xa_lai_thanh,xã,lai_thanh,,2,37
14677,Xã Định Hóa,xa_dinh_hoa,xã,dinh_hoa,,2,37
14698,Xã Kim Đông,xa_kim_dong,xã,kim_dong,,2,37
14701,Xã Yên Mô,xa_yen_mo,xã,yen_mo,,2,37
14725,Phường Yên Thắng,phuong_yen_thang,phường,yen_thang,,2,37
14728,Xã Yên Từ,xa_yen_tu,xã,yen_tu,,2,37
14743,Xã Yên Mạc,xa_yen_mac,xã,yen_mac,,2,37
14746,Xã Đồng Thái,xa_dong_thai,xã,dong_thai,,2,37
38,Tỉnh Thanh Hóa,thanh_hoa,tỉnh,,237,1,
14758,Phường Hàm Rồng,phuong_ham_rong,phường,ham_rong,,2,38
14797,Phường Hạc Thành,phuong_hac_thanh,phường,hac_thanh,,2,38
14812,Phường Bỉm Sơn,phuong_bim_son,phường,bim_son,,2,38
14818,Phường Quang Trung,phuong_quang_trung,phường,quang_trung,,2,38
14845,Xã Mường Lát,xa_muong_lat,xã,muong_lat,,2,38
14848,Xã Tam Chung,xa_tam_chung,xã,tam_chung,,2,38
14854,Xã Mường Lý,xa_muong_ly,xã,muong_ly,,2,38
14857,Xã Trung Lý,xa_trung_ly,xã,trung_ly,,2,38
14860,Xã Quang Chiểu,xa_quang_chieu,xã,quang_chieu,,2,38
14863,Xã Pù Nhi,xa_pu_nhi,xã,pu_nhi,,2,38
14864,Xã Nhi Sơn,xa_nhi_son,xã,nhi_son,,2,38
14866,Xã Mường Chanh,xa_muong_chanh,xã,muong_chanh,,2,38
14869,Xã Hồi Xuân,xa_hoi_xuan,xã,hoi_xuan,,2,38
14872,Xã Trung Thành,xa_trung_thanh,xã,trung_thanh,,2,38
14875,Xã Trung Sơn,xa_trung_son,xã,trung_son,,2,38
14878,Xã Phú Lệ,xa_phu_le,xã,phu_le,,2,38
14890,Xã Phú Xuân,xa_phu_xuan,xã,phu_xuan,,2,38
14896,Xã Hiền Kiệt,xa_hien_kiet,xã,hien_kiet,,2,38
14902,Xã Nam Xuân,xa_nam_xuan,xã,nam_xuan,,2,38
14908,Xã Thiên Phủ,xa_thien_phu,xã,thien_phu,,2,38
14923,Xã Bá Thước,xa_ba_thuoc,xã,ba_thuoc,,2,38
14932,Xã Điền Quang,xa_dien_quang,xã,dien_quang,,2,38
14950,Xã Điền Lư,xa_dien_lu,xã,dien_lu,,2,38
14953,Xã Quý Lương,xa_quy_luong,xã,quy_luong,,2,38
14956,Xã Pù Luông,xa_pu_luong,xã,pu_luong,,2,38
14959,Xã Cổ Lũng,xa_co_lung,xã,co_lung,,2,38
14974,Xã Văn Nho,xa_van_nho,xã,van_nho,,2,38
14980,Xã Thiết Ống,xa_thiet_ong,xã,thiet_ong,,2,38
15001,Xã Trung Hạ,xa_trung_ha,xã,trung_ha,,2,38
15007,Xã Tam Thanh,xa_tam_thanh,xã,tam_thanh,,2,38
15010,Xã Sơn Thủy,xa_son_thuy,xã,son_thuy,,2,38
15013,Xã Na Mèo,xa_na_meo,xã,na_meo,,2,38
15016,Xã Quan Sơn,xa_quan_son,xã,quan_son,,2,38
15019,Xã Tam Lư,xa_tam_lu,xã,tam_lu,,2,38
15022,Xã Sơn Điện,xa_son_dien,xã,son_dien,,2,38
15025,Xã Mường Mìn,xa_muong_min,xã,muong_min,,2,38
15031,Xã Yên Khương,xa_yen_khuong,xã,yen_khuong,,2,38
15034,Xã Yên Thắng,xa_yen_thang,xã,yen_thang,,2,38
15043,Xã Giao An,xa_giao_an,xã,giao_an,,2,38
15049,Xã Văn Phú,xa_van_phu,xã,van_phu,,2,38
15055,Xã Linh Sơn,xa_linh_son,xã,linh_son,,2,38
15058,Xã Đồng Lương,xa_dong_luong,xã,dong_luong,,2,38
15061,Xã Ngọc Lặc,xa_ngoc_lac,xã,ngoc_lac,,2,38
15085,Xã Thạch Lập,xa_thach_lap,xã,thach_lap,,2,38
15091,Xã Ngọc Liên,xa_ngoc_lien,xã,ngoc_lien,,2,38
15106,Xã Nguyệt Ấn,xa_nguyet_an,xã,nguyet_an,,2,38
15112,Xã Kiên Thọ,xa_kien_tho,xã,kien_tho,,2,38
15124,Xã Minh Sơn,xa_minh_son,xã,minh_son,,2,38
15127,Xã Cẩm Thủy,xa_cam_thuy,xã,cam_thuy,,2,38
15142,Xã Cẩm Thạch,xa_cam_thach,xã,cam_thach,,2,38
15148,Xã Cẩm Tú,xa_cam_tu,xã,cam_tu,,2,38
15163,Xã Cẩm Vân,xa_cam_van,xã,cam_van,,2,38
15178,Xã Cẩm Tân,xa_cam_tan,xã,cam_tan,,2,38
15187,Xã Kim Tân,xa_kim_tan,xã,kim_tan,,2,38
15190,Xã Vân Du,xa_van_du,xã,van_du,,2,38
15199,Xã Thạch Quảng,xa_thach_quang,xã,thach_quang,,2,38
15211,Xã Thạch Bình,xa_thach_binh,xã,thach_binh,,2,38
15229,Xã Thành Vinh,xa_thanh_vinh,xã,thanh_vinh,,2,38
15250,Xã Ngọc Trạo,xa_ngoc_trao,xã,ngoc_trao,,2,38
15271,Xã Hà Trung,xa_ha_trung,xã,ha_trung,,2,38
15274,Xã Hà Long,xa_ha_long,xã,ha_long,,2,38
15286,Xã Hoạt Giang,xa_hoat_giang,xã,hoat_giang,,2,38
15298,Xã Lĩnh Toại,xa_linh_toai,xã,linh_toai,,2,38
15316,Xã Tống Sơn,xa_tong_son,xã,tong_son,,2,38
15349,Xã Vĩnh Lộc,xa_vinh_loc,xã,vinh_loc,,2,38
15361,Xã Tây Đô,xa_tay_do,xã,tay_do,,2,38
15382,Xã Biện Thượng,xa_bien_thuong,xã,bien_thuong,,2,38
15409,Xã Yên Phú,xa_yen_phu,xã,yen_phu,,2,38
15412,Xã Quý Lộc,xa_quy_loc,xã,quy_loc,,2,38
15421,Xã Yên Trường,xa_yen_truong,xã,yen_truong,,2,38
15442,Xã Yên Ninh,xa_yen_ninh,xã,yen_ninh,,2,38
15448,Xã Định Hòa,xa_dinh_hoa,xã,dinh_hoa,,2,38
15457,Xã Định Tân,xa_dinh_tan,xã,dinh_tan,,2,38
15469,Xã Yên Định,xa_yen_dinh,xã,yen_dinh,,2,38
15499,Xã Thọ Xuân,xa_tho_xuan,xã,tho_xuan,,2,38
15505,Xã Thọ Long,xa_tho_long,xã,tho_long,,2,38
15520,Xã Xuân Hòa,xa_xuan_hoa,xã,xuan_hoa,,2,38
15544,Xã Lam Sơn,xa_lam_son,xã,lam_son,,2,38
15553,Xã Sao Vàng,xa_sao_vang,xã,sao_vang,,2,38
15568,Xã Thọ Lập,xa_tho_lap,xã,tho_lap,,2,38
15574,Xã Xuân Tín,xa_xuan_tin,xã,xuan_tin,,2,38
15592,Xã Xuân Lập,xa_xuan_lap,xã,xuan_lap,,2,38
15607,Xã Bát Mọt,xa_bat_mot,xã,bat_mot,,2,38
15610,Xã Yên Nhân,xa_yen_nhan,xã,yen_nhan,,2,38
15622,Xã Vạn Xuân,xa_van_xuan,xã,van_xuan,,2,38
15628,Xã Lương Sơn,xa_luong_son,xã,luong_son,,2,38
15634,Xã Luận Thành,xa_luan_thanh,xã,luan_thanh,,2,38
15643,Xã Thắng Lộc,xa_thang_loc,xã,thang_loc,,2,38
15646,Xã Thường Xuân,xa_thuong_xuan,xã,thuong_xuan,,2,38
15658,Xã Xuân Chinh,xa_xuan_chinh,xã,xuan_chinh,,2,38
15661,Xã Tân Thành,xa_tan_thanh,xã,tan_thanh,,2,38
15664,Xã Triệu Sơn,xa_trieu_son,xã,trieu_son,,2,38
15667,Xã Thọ Bình,xa_tho_binh,xã,tho_binh,,2,38
15682,Xã Hợp Tiến,xa_hop_tien,xã,hop_tien,,2,38
15715,Xã Tân Ninh,xa_tan_ninh,xã,tan_ninh,,2,38
15724,Xã Đồng Tiến,xa_dong_tien,xã,dong_tien,,2,38
15754,Xã Thọ Ngọc,xa_tho_ngoc,xã,tho_ngoc,,2,38
15763,Xã Thọ Phú,xa_tho_phu,xã,tho_phu,,2,38
15766,Xã An Nông,xa_an_nong,xã,an_nong,,2,38
15772,Xã Thiệu Hóa,xa_thieu_hoa,xã,thieu_hoa,,2,38
15778,Xã Thiệu Tiến,xa_thieu_tien,xã,thieu_tien,,2,38
15796,Xã Thiệu Quang,xa_thieu_quang,xã,thieu_quang,,2,38
15820,Xã Thiệu Toán,xa_thieu_toan,xã,thieu_toan,,2,38
15835,Xã Thiệu Trung,xa_thieu_trung,xã,thieu_trung,,2,38
15853,Phường Đông Tiến,phuong_dong_tien,phường,dong_tien,,2,38
15865,Xã Hoằng Hóa,xa_hoang_hoa,xã,hoang_hoa,,2,38
15880,Xã Hoằng Giang,xa_hoang_giang,xã,hoang_giang,,2,38
15889,Xã Hoằng Phú,xa_hoang_phu,xã,hoang_phu,,2,38
15910,Xã Hoằng Sơn,xa_hoang_son,xã,hoang_son,,2,38
15925,Phường Nguyệt Viên,phuong_nguyet_vien,phường,nguyet_vien,,2,38
15961,Xã Hoằng Lộc,xa_hoang_loc,xã,hoang_loc,,2,38
15976,Xã Hoằng Châu,xa_hoang_chau,xã,hoang_chau,,2,38
15991,Xã Hoằng Tiến,xa_hoang_tien,xã,hoang_tien,,2,38
16000,Xã Hoằng Thanh,xa_hoang_thanh,xã,hoang_thanh,,2,38
16012,Xã Hậu Lộc,xa_hau_loc,xã,hau_loc,,2,38
16021,Xã Triệu Lộc,xa_trieu_loc,xã,trieu_loc,,2,38
16033,Xã Đông Thành,xa_dong_thanh,xã,dong_thanh,,2,38
16072,Xã Hoa Lộc,xa_hoa_loc,xã,hoa_loc,,2,38
16078,Xã Vạn Lộc,xa_van_loc,xã,van_loc,,2,38
16093,Xã Nga Sơn,xa_nga_son,xã,nga_son,,2,38
16108,Xã Tân Tiến,xa_tan_tien,xã,tan_tien,,2,38
16114,Xã Nga Thắng,xa_nga_thang,xã,nga_thang,,2,38
16138,Xã Hồ Vương,xa_ho_vuong,xã,ho_vuong,,2,38
16144,Xã Nga An,xa_nga_an,xã,nga_an,,2,38
16171,Xã Ba Đình,xa_ba_dinh,xã,ba_dinh,,2,38
16174,Xã Như Xuân,xa_nhu_xuan,xã,nhu_xuan,,2,38
16177,Xã Xuân Bình,xa_xuan_binh,xã,xuan_binh,,2,38
16186,Xã Hóa Quỳ,xa_hoa_quy,xã,hoa_quy,,2,38
16213,Xã Thanh Phong,xa_thanh_phong,xã,thanh_phong,,2,38
16222,Xã Thanh Quân,xa_thanh_quan,xã,thanh_quan,,2,38
16225,Xã Thượng Ninh,xa_thuong_ninh,xã,thuong_ninh,,2,38
16228,Xã Như Thanh,xa_nhu_thanh,xã,nhu_thanh,,2,38
16234,Xã Xuân Du,xa_xuan_du,xã,xuan_du,,2,38
16249,Xã Mậu Lâm,xa_mau_lam,xã,mau_lam,,2,38
16258,Xã Xuân Thái,xa_xuan_thai,xã,xuan_thai,,2,38
16264,Xã Yên Thọ,xa_yen_tho,xã,yen_tho,,2,38
16273,Xã Thanh Kỳ,xa_thanh_ky,xã,thanh_ky,,2,38
16279,Xã Nông Cống,xa_nong_cong,xã,nong_cong,,2,38
16297,Xã Trung Chính,xa_trung_chinh,xã,trung_chinh,,2,38
16309,Xã Thắng Lợi,xa_thang_loi,xã,thang_loi,,2,38
16342,Xã Thăng Bình,xa_thang_binh,xã,thang_binh,,2,38
16348,Xã Trường Văn,xa_truong_van,xã,truong_van,,2,38
16363,Xã Tượng Lĩnh,xa_tuong_linh,xã,tuong_linh,,2,38
16369,Xã Công Chính,xa_cong_chinh,xã,cong_chinh,,2,38
16378,Phường Đông Sơn,phuong_dong_son,phường,dong_son,,2,38
16417,Phường Đông Quang,phuong_dong_quang,phường,dong_quang,,2,38
16438,Xã Lưu Vệ,xa_luu_ve,xã,luu_ve,,2,38
16480,Xã Quảng Yên,xa_quang_yen,xã,quang_yen,,2,38
16489,Xã Quảng Chính,xa_quang_chinh,xã,quang_chinh,,2,38
16498,Xã Quảng Ngọc,xa_quang_ngoc,xã,quang_ngoc,,2,38
16516,Phường Nam Sầm Sơn,phuong_nam_sam_son,phường,nam_sam_son,,2,38
16522,Phường Quảng Phú,phuong_quang_phu,phường,quang_phu,,2,38
16531,Phường Sầm Sơn,phuong_sam_son,phường,sam_son,,2,38
16540,Xã Quảng Ninh,xa_quang_ninh,xã,quang_ninh,,2,38
16543,Xã Quảng Bình,xa_quang_binh,xã,quang_binh,,2,38
16549,Xã Tiên Trang,xa_tien_trang,xã,tien_trang,,2,38
16561,Phường Tĩnh Gia,phuong_tinh_gia,phường,tinh_gia,,2,38
16576,Phường Ngọc Sơn,phuong_ngoc_son,phường,ngoc_son,,2,38
16591,Xã Các Sơn,xa_cac_son,xã,cac_son,,2,38
16594,Phường Tân Dân,phuong_tan_dan,phường,tan_dan,,2,38
16597,Phường Hải Lĩnh,phuong_hai_linh,phường,hai_linh,,2,38
16609,Phường Đào Duy Từ,phuong_dao_duy_tu,phường,dao_duy_tu,,2,38
16624,Phường Trúc Lâm,phuong_truc_lam,phường,truc_lam,,2,38
16636,Xã Trường Lâm,xa_truong_lam,xã,truong_lam,,2,38
16645,Phường Hải Bình,phuong_hai_binh,phường,hai_binh,,2,38
16654,Phường Nghi Sơn,phuong_nghi_son,phường,nghi_son,,2,38
40,Tỉnh Nghệ An,nghe_an,tỉnh,,238,1,
16681,Phường Thành Vinh,phuong_thanh_vinh,phường,thanh_vinh,,2,40
16690,Phường Trường Vinh,phuong_truong_vinh,phường,truong_vinh,,2,40
16702,Phường Vinh Phú,phuong_vinh_phu,phường,vinh_phu,,2,40
16708,Phường Vinh Lộc,phuong_vinh_loc,phường,vinh_loc,,2,40
16732,Phường Cửa Lò,phuong_cua_lo,phường,cua_lo,,2,40
16738,Xã Quế Phong,xa_que_phong,xã,que_phong,,2,40
16744,Xã Thông Thụ,xa_thong_thu,xã,thong_thu,,2,40
16750,Xã Tiền Phong,xa_tien_phong,xã,tien_phong,,2,40
16756,Xã Tri Lễ,xa_tri_le,xã,tri_le,,2,40
16774,Xã Mường Quàng,xa_muong_quang,xã,muong_quang,,2,40
16777,Xã Quỳ Châu,xa_quy_chau,xã,quy_chau,,2,40
16792,Xã Châu Tiến,xa_chau_tien,xã,chau_tien,,2,40
16801,Xã Hùng Chân,xa_hung_chan,xã,hung_chan,,2,40
16804,Xã Châu Bình,xa_chau_binh,xã,chau_binh,,2,40
16813,Xã Mường Xén,xa_muong_xen,xã,muong_xen,,2,40
16816,Xã Mỹ Lý,xa_my_ly,xã,my_ly,,2,40
16819,Xã Bắc Lý,xa_bac_ly,xã,bac_ly,,2,40
16822,Xã Keng Đu,xa_keng_du,xã,keng_du,,2,40
16828,Xã Huồi Tụ,xa_huoi_tu,xã,huoi_tu,,2,40
16831,Xã Mường Lống,xa_muong_long,xã,muong_long,,2,40
16834,Xã Na Loi,xa_na_loi,xã,na_loi,,2,40
16837,Xã Nậm Cắn,xa_nam_can,xã,nam_can,,2,40
16849,Xã Hữu Kiệm,xa_huu_kiem,xã,huu_kiem,,2,40
16855,Xã Chiêu Lưu,xa_chieu_luu,xã,chieu_luu,,2,40
16858,Xã Mường Típ,xa_muong_tip,xã,muong_tip,,2,40
16870,Xã Na Ngoi,xa_na_ngoi,xã,na_ngoi,,2,40
16876,Xã Tương Dương,xa_tuong_duong,xã,tuong_duong,,2,40
16882,Xã Nhôn Mai,xa_nhon_mai,xã,nhon_mai,,2,40
16885,Xã Hữu Khuông,xa_huu_khuong,xã,huu_khuong,,2,40
16903,Xã Nga My,xa_nga_my,xã,nga_my,,2,40
16906,Xã Lượng Minh,xa_luong_minh,xã,luong_minh,,2,40
16909,Xã Yên Hòa,xa_yen_hoa,xã,yen_hoa,,2,40
16912,Xã Yên Na,xa_yen_na,xã,yen_na,,2,40
16933,Xã Tam Quang,xa_tam_quang,xã,tam_quang,,2,40
16936,Xã Tam Thái,xa_tam_thai,xã,tam_thai,,2,40
16939,Phường Thái Hòa,phuong_thai_hoa,phường,thai_hoa,,2,40
16941,Xã Nghĩa Đàn,xa_nghia_dan,xã,nghia_dan,,2,40
16951,Xã Nghĩa Lâm,xa_nghia_lam,xã,nghia_lam,,2,40
16969,Xã Nghĩa Thọ,xa_nghia_tho,xã,nghia_tho,,2,40
16972,Xã Nghĩa Hưng,xa_nghia_hung,xã,nghia_hung,,2,40
16975,Xã Nghĩa Mai,xa_nghia_mai,xã,nghia_mai,,2,40
17011,Phường Tây Hiếu,phuong_tay_hieu,phường,tay_hieu,,2,40
17017,Xã Đông Hiếu,xa_dong_hieu,xã,dong_hieu,,2,40
17029,Xã Nghĩa Lộc,xa_nghia_loc,xã,nghia_loc,,2,40
17032,Xã Nghĩa Khánh,xa_nghia_khanh,xã,nghia_khanh,,2,40
17035,Xã Quỳ Hợp,xa_quy_hop,xã,quy_hop,,2,40
17044,Xã Châu Hồng,xa_chau_hong,xã,chau_hong,,2,40
17056,Xã Châu Lộc,xa_chau_loc,xã,chau_loc,,2,40
17059,Xã Tam Hợp,xa_tam_hop,xã,tam_hop,,2,40
17071,Xã Minh Hợp,xa_minh_hop,xã,minh_hop,,2,40
17077,Xã Mường Ham,xa_muong_ham,xã,muong_ham,,2,40
17089,Xã Mường Chọng,xa_muong_chong,xã,muong_chong,,2,40
17110,Phường Hoàng Mai,phuong_hoang_mai,phường,hoang_mai,,2,40
17125,Phường Quỳnh Mai,phuong_quynh_mai,phường,quynh_mai,,2,40
17128,Phường Tân Mai,phuong_tan_mai,phường,tan_mai,,2,40
17143,Xã Quỳnh Văn,xa_quynh_van,xã,quynh_van,,2,40
17149,Xã Quỳnh Tam,xa_quynh_tam,xã,quynh_tam,,2,40
17170,Xã Quỳnh Sơn,xa_quynh_son,xã,quynh_son,,2,40
17176,Xã Quỳnh Anh,xa_quynh_anh,xã,quynh_anh,,2,40
17179,Xã Quỳnh Lưu,xa_quynh_luu,xã,quynh_luu,,2,40
17212,Xã Quỳnh Phú,xa_quynh_phu,xã,quynh_phu,,2,40
17224,Xã Quỳnh Thắng,xa_quynh_thang,xã,quynh_thang,,2,40
17230,Xã Bình Chuẩn,xa_binh_chuan,xã,binh_chuan,,2,40
17239,Xã Mậu Thạch,xa_mau_thach,xã,mau_thach,,2,40
17242,Xã Cam Phục,xa_cam_phuc,xã,cam_phuc,,2,40
17248,Xã Châu Khê,xa_chau_khe,xã,chau_khe,,2,40
17254,Xã Con Cuông,xa_con_cuong,xã,con_cuong,,2,40
17263,Xã Môn Sơn,xa_mon_son,xã,mon_son,,2,40
17266,Xã Tân Kỳ,xa_tan_ky,xã,tan_ky,,2,40
17272,Xã Tân Phú,xa_tan_phu,xã,tan_phu,,2,40
17278,Xã Giai Xuân,xa_giai_xuan,xã,giai_xuan,,2,40
17284,Xã Nghĩa Đồng,xa_nghia_dong,xã,nghia_dong,,2,40
17287,Xã Tiên Đồng,xa_tien_dong,xã,tien_dong,,2,40
17305,Xã Tân An,xa_tan_an,xã,tan_an,,2,40
17326,Xã Nghĩa Hành,xa_nghia_hanh,xã,nghia_hanh,,2,40
17329,Xã Anh Sơn,xa_anh_son,xã,anh_son,,2,40
17335,Xã Thành Bình Thọ,xa_thanh_binh_tho,xã,thanh_binh_tho,,2,40
17344,Xã Nhân Hòa,xa_nhan_hoa,xã,nhan_hoa,,2,40
17357,Xã Vĩnh Tường,xa_vinh_tuong,xã,vinh_tuong,,2,40
17365,Xã Anh Sơn Đông,xa_anh_son_dong,xã,anh_son_dong,,2,40
17380,Xã Yên Xuân,xa_yen_xuan,xã,yen_xuan,,2,40
17395,Xã Hùng Châu,xa_hung_chau,xã,hung_chau,,2,40
17416,Xã Đức Châu,xa_duc_chau,xã,duc_chau,,2,40
17419,Xã Hải Châu,xa_hai_chau,xã,hai_chau,,2,40
17443,Xã Quảng Châu,xa_quang_chau,xã,quang_chau,,2,40
17464,Xã Diễn Châu,xa_dien_chau,xã,dien_chau,,2,40
17476,Xã Minh Châu,xa_minh_chau,xã,minh_chau,,2,40
17479,Xã An Châu,xa_an_chau,xã,an_chau,,2,40
17488,Xã Tân Châu,xa_tan_chau,xã,tan_chau,,2,40
17506,Xã Yên Thành,xa_yen_thanh,xã,yen_thanh,,2,40
17515,Xã Bình Minh,xa_binh_minh,xã,binh_minh,,2,40
17521,Xã Quang Đồng,xa_quang_dong,xã,quang_dong,,2,40
17524,Xã Giai Lạc,xa_giai_lac,xã,giai_lac,,2,40
17530,Xã Đông Thành,xa_dong_thanh,xã,dong_thanh,,2,40
17560,Xã Vân Du,xa_van_du,xã,van_du,,2,40
17569,Xã Quan Thành,xa_quan_thanh,xã,quan_thanh,,2,40
17605,Xã Hợp Minh,xa_hop_minh,xã,hop_minh,,2,40
17611,Xã Vân Tụ,xa_van_tu,xã,van_tu,,2,40
17623,Xã Bạch Ngọc,xa_bach_ngoc,xã,bach_ngoc,,2,40
17641,Xã Lương Sơn,xa_luong_son,xã,luong_son,,2,40
17662,Xã Đô Lương,xa_do_luong,xã,do_luong,,2,40
17677,Xã Văn Hiến,xa_van_hien,xã,van_hien,,2,40
17689,Xã Thuần Trung,xa_thuan_trung,xã,thuan_trung,,2,40
17707,Xã Bạch Hà,xa_bach_ha,xã,bach_ha,,2,40
17713,Xã Đại Đồng,xa_dai_dong,xã,dai_dong,,2,40
17722,Xã Hạnh Lâm,xa_hanh_lam,xã,hanh_lam,,2,40
17728,Xã Cát Ngạn,xa_cat_ngan,xã,cat_ngan,,2,40
17743,Xã Tam Đồng,xa_tam_dong,xã,tam_dong,,2,40
17759,Xã Sơn Lâm,xa_son_lam,xã,son_lam,,2,40
17770,Xã Hoa Quân,xa_hoa_quan,xã,hoa_quan,,2,40
17779,Xã Xuân Lâm,xa_xuan_lam,xã,xuan_lam,,2,40
17791,Xã Kim Bảng,xa_kim_bang,xã,kim_bang,,2,40
17818,Xã Bích Hào,xa_bich_hao,xã,bich_hao,,2,40
17827,Xã Nghi Lộc,xa_nghi_loc,xã,nghi_loc,,2,40
17833,Xã Hải Lộc,xa_hai_loc,xã,hai_loc,,2,40
17842,Xã Thần Lĩnh,xa_than_linh,xã,than_linh,,2,40
17854,Xã Văn Kiều,xa_van_kieu,xã,van_kieu,,2,40
17857,Xã Phúc Lộc,xa_phuc_loc,xã,phuc_loc,,2,40
17866,Xã Trung Lộc,xa_trung_loc,xã,trung_loc,,2,40
17878,Xã Đông Lộc,xa_dong_loc,xã,dong_loc,,2,40
17920,Phường Vinh Hưng,phuong_vinh_hung,phường,vinh_hung,,2,40
17935,Xã Nam Đàn,xa_nam_dan,xã,nam_dan,,2,40
17944,Xã Đại Huệ,xa_dai_hue,xã,dai_hue,,2,40
17950,Xã Vạn An,xa_van_an,xã,van_an,,2,40
17971,Xã Kim Liên,xa_kim_lien,xã,kim_lien,,2,40
17989,Xã Thiên Nhẫn,xa_thien_nhan,xã,thien_nhan,,2,40
18001,Xã Hưng Nguyên,xa_hung_nguyen,xã,hung_nguyen,,2,40
18007,Xã Yên Trung,xa_yen_trung,xã,yen_trung,,2,40
18028,Xã Hưng Nguyên Nam,xa_hung_nguyen_nam,xã,hung_nguyen_nam,,2,40
18040,Xã Lam Thành,xa_lam_thanh,xã,lam_thanh,,2,40
42,Tỉnh Hà Tĩnh,ha_tinh,tỉnh,,239,1,
18073,Phường Thành Sen,phuong_thanh_sen,phường,thanh_sen,,2,42
18100,Phường Trần Phú,phuong_tran_phu,phường,tran_phu,,2,42
18115,Phường Bắc Hồng Lĩnh,phuong_bac_hong_linh,phường,bac_hong_linh,,2,42
18118,Phường Nam Hồng Lĩnh,phuong_nam_hong_linh,phường,nam_hong_linh,,2,42
18133,Xã Hương Sơn,xa_huong_son,xã,huong_son,,2,42
18160,Xã Sơn Hồng,xa_son_hong,xã,son_hong,,2,42
18163,Xã Sơn Tiến,xa_son_tien,xã,son_tien,,2,42
18172,Xã Sơn Tây,xa_son_tay,xã,son_tay,,2,42
18184,Xã Sơn Giang,xa_son_giang,xã,son_giang,,2,42
18196,Xã Sơn Kim 1,xa_son_kim_1,xã,son_kim_1,,2,42
18199,Xã Sơn Kim 2,xa_son_kim_2,xã,son_kim_2,,2,42
18202,Xã Tứ Mỹ,xa_tu_my,xã,tu_my,,2,42
18223,Xã Kim Hoa,xa_kim_hoa,xã,kim_hoa,,2,42
18229,Xã Đức Thọ,xa_duc_tho,xã,duc_tho,,2,42
18244,Xã Đức Minh,xa_duc_minh,xã,duc_minh,,2,42
18262,Xã Đức Quang,xa_duc_quang,xã,duc_quang,,2,42
18277,Xã Đức Thịnh,xa_duc_thinh,xã,duc_thinh,,2,42
18304,Xã Đức Đồng,xa_duc_dong,xã,duc_dong,,2,42
18313,Xã Vũ Quang,xa_vu_quang,xã,vu_quang,,2,42
18322,Xã Mai Hoa,xa_mai_hoa,xã,mai_hoa,,2,42
18328,Xã Thượng Đức,xa_thuong_duc,xã,thuong_duc,,2,42
18352,Xã Nghi Xuân,xa_nghi_xuan,xã,nghi_xuan,,2,42
18364,Xã Đan Hải,xa_dan_hai,xã,dan_hai,,2,42
18373,Xã Tiên Điền,xa_tien_dien,xã,tien_dien,,2,42
18394,Xã Cổ Đạm,xa_co_dam,xã,co_dam,,2,42
18406,Xã Can Lộc,xa_can_loc,xã,can_loc,,2,42
18409,Xã Hồng Lộc,xa_hong_loc,xã,hong_loc,,2,42
18418,Xã Tùng Lộc,xa_tung_loc,xã,tung_loc,,2,42
18436,Xã Trường Lưu,xa_truong_luu,xã,truong_luu,,2,42
18466,Xã Gia Hanh,xa_gia_hanh,xã,gia_hanh,,2,42
18481,Xã Xuân Lộc,xa_xuan_loc,xã,xuan_loc,,2,42
18484,Xã Đồng Lộc,xa_dong_loc,xã,dong_loc,,2,42
18496,Xã Hương Khê,xa_huong_khe,xã,huong_khe,,2,42
18502,Xã Hà Linh,xa_ha_linh,xã,ha_linh,,2,42
18523,Xã Hương Bình,xa_huong_binh,xã,huong_binh,,2,42
18532,Xã Hương Phố,xa_huong_pho,xã,huong_pho,,2,42
18544,Xã Hương Xuân,xa_huong_xuan,xã,huong_xuan,,2,42
18547,Xã Phúc Trạch,xa_phuc_trach,xã,phuc_trach,,2,42
18550,Xã Hương Đô,xa_huong_do,xã,huong_do,,2,42
18562,Xã Thạch Hà,xa_thach_ha,xã,thach_ha,,2,42
18568,Xã Lộc Hà,xa_loc_ha,xã,loc_ha,,2,42
18583,Xã Mai Phụ,xa_mai_phu,xã,mai_phu,,2,42
18586,Xã Đông Kinh,xa_dong_kinh,xã,dong_kinh,,2,42
18601,Xã Việt Xuyên,xa_viet_xuyen,xã,viet_xuyen,,2,42
18604,Xã Thạch Khê,xa_thach_khe,xã,thach_khe,,2,42
18619,Xã Đồng Tiến,xa_dong_tien,xã,dong_tien,,2,42
18628,Xã Thạch Lạc,xa_thach_lac,xã,thach_lac,,2,42
18634,Xã Toàn Lưu,xa_toan_luu,xã,toan_luu,,2,42
18652,Phường Hà Huy Tập,phuong_ha_huy_tap,phường,ha_huy_tap,,2,42
18667,Xã Thạch Xuân,xa_thach_xuan,xã,thach_xuan,,2,42
18673,Xã Cẩm Xuyên,xa_cam_xuyen,xã,cam_xuyen,,2,42
18676,Xã Thiên Cầm,xa_thien_cam,xã,thien_cam,,2,42
18682,Xã Yên Hòa,xa_yen_hoa,xã,yen_hoa,,2,42
18685,Xã Cẩm Bình,xa_cam_binh,xã,cam_binh,,2,42
18736,Xã Cẩm Hưng,xa_cam_hung,xã,cam_hung,,2,42
18739,Xã Cẩm Duệ,xa_cam_due,xã,cam_due,,2,42
18742,Xã Cẩm Trung,xa_cam_trung,xã,cam_trung,,2,42
18748,Xã Cẩm Lạc,xa_cam_lac,xã,cam_lac,,2,42
18754,Phường Sông Trí,phuong_song_tri,phường,song_tri,,2,42
18766,Xã Kỳ Xuân,xa_ky_xuan,xã,ky_xuan,,2,42
18775,Xã Kỳ Anh,xa_ky_anh,xã,ky_anh,,2,42
18781,Phường Hải Ninh,phuong_hai_ninh,phường,hai_ninh,,2,42
18787,Xã Kỳ Văn,xa_ky_van,xã,ky_van,,2,42
18790,Xã Kỳ Khang,xa_ky_khang,xã,ky_khang,,2,42
18814,Xã Kỳ Hoa,xa_ky_hoa,xã,ky_hoa,,2,42
18823,Phường Vũng Áng,phuong_vung_ang,phường,vung_ang,,2,42
18832,Phường Hoành Sơn,phuong_hoanh_son,phường,hoanh_son,,2,42
18838,Xã Kỳ Lạc,xa_ky_lac,xã,ky_lac,,2,42
18844,Xã Kỳ Thượng,xa_ky_thuong,xã,ky_thuong,,2,42
44,Tỉnh Quảng Trị,quang_tri,tỉnh,,233,1,
18859,Phường Đồng Thuận,phuong_dong_thuan,phường,dong_thuan,,2,44
18871,Phường Đồng Sơn,phuong_dong_son,phường,dong_son,,2,44
18880,Phường Đồng Hới,phuong_dong_hoi,phường,dong_hoi,,2,44
18901,Xã Minh Hóa,xa_minh_hoa,xã,minh_hoa,,2,44
18904,Xã Dân Hóa,xa_dan_hoa,xã,dan_hoa,,2,44
18919,Xã Tân Thành,xa_tan_thanh,xã,tan_thanh,,2,44
18922,Xã Kim Điền,xa_kim_dien,xã,kim_dien,,2,44
18943,Xã Kim Phú,xa_kim_phu,xã,kim_phu,,2,44
18949,Xã Đồng Lê,xa_dong_le,xã,dong_le,,2,44
18952,Xã Tuyên Sơn,xa_tuyen_son,xã,tuyen_son,,2,44
18958,Xã Tuyên Lâm,xa_tuyen_lam,xã,tuyen_lam,,2,44
18985,Xã Tuyên Phú,xa_tuyen_phu,xã,tuyen_phu,,2,44
18991,Xã Tuyên Bình,xa_tuyen_binh,xã,tuyen_binh,,2,44
18997,Xã Tuyên Hóa,xa_tuyen_hoa,xã,tuyen_hoa,,2,44
19009,Phường Ba Đồn,phuong_ba_don,phường,ba_don,,2,44
19021,Xã Phú Trạch,xa_phu_trach,xã,phu_trach,,2,44
19030,Xã Trung Thuần,xa_trung_thuan,xã,trung_thuan,,2,44
19033,Xã Hòa Trạch,xa_hoa_trach,xã,hoa_trach,,2,44
19051,Xã Tân Gianh,xa_tan_gianh,xã,tan_gianh,,2,44
19057,Xã Quảng Trạch,xa_quang_trach,xã,quang_trach,,2,44
19066,Phường Bắc Gianh,phuong_bac_gianh,phường,bac_gianh,,2,44
19075,Xã Nam Ba Đồn,xa_nam_ba_don,xã,nam_ba_don,,2,44
19093,Xã Nam Gianh,xa_nam_gianh,xã,nam_gianh,,2,44
19111,Xã Hoàn Lão,xa_hoan_lao,xã,hoan_lao,,2,44
19126,Xã Bắc Trạch,xa_bac_trach,xã,bac_trach,,2,44
19138,Xã Phong Nha,xa_phong_nha,xã,phong_nha,,2,44
19141,Xã Bố Trạch,xa_bo_trach,xã,bo_trach,,2,44
19147,Xã Thượng Trạch,xa_thuong_trach,xã,thuong_trach,,2,44
19159,Xã Đông Trạch,xa_dong_trach,xã,dong_trach,,2,44
19198,Xã Nam Trạch,xa_nam_trach,xã,nam_trach,,2,44
19204,Xã Trường Sơn,xa_truong_son,xã,truong_son,,2,44
19207,Xã Quảng Ninh,xa_quang_ninh,xã,quang_ninh,,2,44
19225,Xã Ninh Châu,xa_ninh_chau,xã,ninh_chau,,2,44
19237,Xã Trường Ninh,xa_truong_ninh,xã,truong_ninh,,2,44
19246,Xã Lệ Ninh,xa_le_ninh,xã,le_ninh,,2,44
19249,Xã Lệ Thủy,xa_le_thuy,xã,le_thuy,,2,44
19255,Xã Cam Hồng,xa_cam_hong,xã,cam_hong,,2,44
19288,Xã Sen Ngư,xa_sen_ngu,xã,sen_ngu,,2,44
19291,Xã Tân Mỹ,xa_tan_my,xã,tan_my,,2,44
19309,Xã Trường Phú,xa_truong_phu,xã,truong_phu,,2,44
19318,Xã Kim Ngân,xa_kim_ngan,xã,kim_ngan,,2,44
19333,Phường Đông Hà,phuong_dong_ha,phường,dong_ha,,2,44
19351,Phường Nam Đông Hà,phuong_nam_dong_ha,phường,nam_dong_ha,,2,44
19360,Phường Quảng Trị,phuong_quang_tri,phường,quang_tri,,2,44
19363,Xã Vĩnh Linh,xa_vinh_linh,xã,vinh_linh,,2,44
19366,Xã Bến Quan,xa_ben_quan,xã,ben_quan,,2,44
19372,Xã Vĩnh Hoàng,xa_vinh_hoang,xã,vinh_hoang,,2,44
19405,Xã Vĩnh Thủy,xa_vinh_thuy,xã,vinh_thuy,,2,44
19414,Xã Cửa Tùng,xa_cua_tung,xã,cua_tung,,2,44
19429,Xã Khe Sanh,xa_khe_sanh,xã,khe_sanh,,2,44
19432,Xã Lao Bảo,xa_lao_bao,xã,lao_bao,,2,44
19435,Xã Hướng Lập,xa_huong_lap,xã,huong_lap,,2,44
19441,Xã Hướng Phùng,xa_huong_phung,xã,huong_phung,,2,44
19462,Xã Tân Lập,xa_tan_lap,xã,tan_lap,,2,44
19483,Xã A Dơi,xa_a_doi,xã,a_doi,,2,44
19489,Xã Lìa,xa_lia,xã,lia,,2,44
19495,Xã Gio Linh,xa_gio_linh,xã,gio_linh,,2,44
19496,Xã Cửa Việt,xa_cua_viet,xã,cua_viet,,2,44
19501,Xã Bến Hải,xa_ben_hai,xã,ben_hai,,2,44
19537,Xã Cồn Tiên,xa_con_tien,xã,con_tien,,2,44
19555,Xã Hướng Hiệp,xa_huong_hiep,xã,huong_hiep,,2,44
19564,Xã Đakrông,xa_dakrong,xã,dakrong,,2,44
19567,Xã Ba Lòng,xa_ba_long,xã,ba_long,,2,44
19588,Xã Tà Rụt,xa_ta_rut,xã,ta_rut,,2,44
19594,Xã La Lay,xa_la_lay,xã,la_lay,,2,44
19597,Xã Cam Lộ,xa_cam_lo,xã,cam_lo,,2,44
19603,Xã Hiếu Giang,xa_hieu_giang,xã,hieu_giang,,2,44
19624,Xã Triệu Phong,xa_trieu_phong,xã,trieu_phong,,2,44
19639,Xã Nam Cửa Việt,xa_nam_cua_viet,xã,nam_cua_viet,,2,44
19645,Xã Triệu Bình,xa_trieu_binh,xã,trieu_binh,,2,44
19654,Xã Triệu Cơ,xa_trieu_co,xã,trieu_co,,2,44
19669,Xã Ái Tử,xa_ai_tu,xã,ai_tu,,2,44
19681,Xã Diên Sanh,xa_dien_sanh,xã,dien_sanh,,2,44
19699,Xã Vĩnh Định,xa_vinh_dinh,xã,vinh_dinh,,2,44
19702,Xã Hải Lăng,xa_hai_lang,xã,hai_lang,,2,44
19735,Xã Nam Hải Lăng,xa_nam_hai_lang,xã,nam_hai_lang,,2,44
19741,Xã Mỹ Thủy,xa_my_thuy,xã,my_thuy,,2,44
19742,Đặc khu Cồn Cỏ,dac_khu_con_co,đặc khu,con_co,,2,44
46,Thành phố Huế,hue,thành phố trung ương,,234,1,
19753,Phường Phú Xuân,phuong_phu_xuan,phường,phu_xuan,,2,46
19774,Phường Kim Long,phuong_kim_long,phường,kim_long,,2,46
19777,Phường Vỹ Dạ,phuong_vy_da,phường,vy_da,,2,46
19789,Phường Thuận Hóa,phuong_thuan_hoa,phường,thuan_hoa,,2,46
19804,Phường Hương An,phuong_huong_an,phường,huong_an,,2,46
19813,Phường Thủy Xuân,phuong_thuy_xuan,phường,thuy_xuan,,2,46
19815,Phường An Cựu,phuong_an_cuu,phường,an_cuu,,2,46
19819,Phường Phong Điền,phuong_phong_dien,phường,phong_dien,,2,46
19828,Phường Phong Phú,phuong_phong_phu,phường,phong_phu,,2,46
19831,Phường Phong Dinh,phuong_phong_dinh,phường,phong_dinh,,2,46
19858,Phường Phong Thái,phuong_phong_thai,phường,phong_thai,,2,46
19867,Xã Quảng Điền,xa_quang_dien,xã,quang_dien,,2,46
19873,Phường Phong Quảng,phuong_phong_quang,phường,phong_quang,,2,46
19885,Xã Đan Điền,xa_dan_dien,xã,dan_dien,,2,46
19900,Phường Thuận An,phuong_thuan_an,phường,thuan_an,,2,46
19909,Phường Dương Nỗ,phuong_duong_no,phường,duong_no,,2,46
19918,Xã Phú Hồ,xa_phu_ho,xã,phu_ho,,2,46
19930,Phường Mỹ Thượng,phuong_my_thuong,phường,my_thuong,,2,46
19942,Xã Phú Vang,xa_phu_vang,xã,phu_vang,,2,46
19945,Xã Phú Vinh,xa_phu_vinh,xã,phu_vinh,,2,46
19960,Phường Phú Bài,phuong_phu_bai,phường,phu_bai,,2,46
19969,Phường Thanh Thủy,phuong_thanh_thuy,phường,thanh_thuy,,2,46
19975,Phường Hương Thủy,phuong_huong_thuy,phường,huong_thuy,,2,46
19996,Phường Hương Trà,phuong_huong_tra,phường,huong_tra,,2,46
20014,Phường Hóa Châu,phuong_hoa_chau,phường,hoa_chau,,2,46
20017,Phường Kim Trà,phuong_kim_tra,phường,kim_tra,,2,46
20035,Xã Bình Điền,xa_binh_dien,xã,binh_dien,,2,46
20044,Xã A Lưới 2,xa_a_luoi_2,xã,a_luoi_2,,2,46
20050,Xã A Lưới 5,xa_a_luoi_5,xã,a_luoi_5,,2,46
20056,Xã A Lưới 1,xa_a_luoi_1,xã,a_luoi_1,,2,46
20071,Xã A Lưới 3,xa_a_luoi_3,xã,a_luoi_3,,2,46
20101,Xã A Lưới 4,xa_a_luoi_4,xã,a_luoi_4,,2,46
20107,Xã Phú Lộc,xa_phu_loc,xã,phu_loc,,2,46
20122,Xã Vinh Lộc,xa_vinh_loc,xã,vinh_loc,,2,46
20131,Xã Hưng Lộc,xa_hung_loc,xã,hung_loc,,2,46
20137,Xã Chân Mây - Lăng Cô,xa_chan_may_lang_co,xã,chan_may_lang_co,,2,46
20140,Xã Lộc An,xa_loc_an,xã,loc_an,,2,46
20161,Xã Khe Tre,xa_khe_tre,xã,khe_tre,,2,46
20179,Xã Nam Đông,xa_nam_dong,xã,nam_dong,,2,46
20182,Xã Long Quảng,xa_long_quang,xã,long_quang,,2,46
48,Thành phố Đà Nẵng,da_nang,thành phố trung ương,,236,1,
20194,Phường Hải Vân,phuong_hai_van,phường,hai_van,,2,48
20197,Phường Liên Chiểu,phuong_lien_chieu,phường,lien_chieu,,2,48
20200,Phường Hòa Khánh,phuong_hoa_khanh,phường,hoa_khanh,,2,48
20209,Phường Thanh Khê,phuong_thanh_khe,phường,thanh_khe,,2,48
20242,Phường Hải Châu,phuong_hai_chau,phường,hai_chau,,2,48
20257,Phường Hòa Cường,phuong_hoa_cuong,phường,hoa_cuong,,2,48
20260,Phường Cẩm Lệ,phuong_cam_le,phường,cam_le,,2,48
20263,Phường Sơn Trà,phuong_son_tra,phường,son_tra,,2,48
20275,Phường An Hải,phuong_an_hai,phường,an_hai,,2,48
20285,Phường Ngũ Hành Sơn,phuong_ngu_hanh_son,phường,ngu_hanh_son,,2,48
20305,Phường An Khê,phuong_an_khe,phường,an_khe,,2,48
20308,Xã Bà Nà,xa_ba_na,xã,ba_na,,2,48
20314,Phường Hòa Xuân,phuong_hoa_xuan,phường,hoa_xuan,,2,48
20320,Xã Hòa Vang,xa_hoa_vang,xã,hoa_vang,,2,48
20332,Xã Hòa Tiến,xa_hoa_tien,xã,hoa_tien,,2,48
20333,Đặc khu Hoàng Sa,dac_khu_hoang_sa,đặc khu,hoang_sa,,2,48
20335,Phường Bàn Thạch,phuong_ban_thach,phường,ban_thach,,2,48
20341,Phường Tam Kỳ,phuong_tam_ky,phường,tam_ky,,2,48
20350,Phường Hương Trà,phuong_huong_tra,phường,huong_tra,,2,48
20356,Phường Quảng Phú,phuong_quang_phu,phường,quang_phu,,2,48
20364,Xã Chiên Đàn,xa_chien_dan,xã,chien_dan,,2,48
20380,Xã Tây Hồ,xa_tay_ho,xã,tay_ho,,2,48
20392,Xã Phú Ninh,xa_phu_ninh,xã,phu_ninh,,2,48
20401,Phường Hội An Tây,phuong_hoi_an_tay,phường,hoi_an_tay,,2,48
20410,Phường Hội An,phuong_hoi_an,phường,hoi_an,,2,48
20413,Phường Hội An Đông,phuong_hoi_an_dong,phường,hoi_an_dong,,2,48
20434,Xã Tân Hiệp,xa_tan_hiep,xã,tan_hiep,,2,48
20443,Xã Hùng Sơn,xa_hung_son,xã,hung_son,,2,48
20455,Xã Tây Giang,xa_tay_giang,xã,tay_giang,,2,48
20458,Xã Avương,xa_avuong,xã,avuong,,2,48
20467,Xã Đông Giang,xa_dong_giang,xã,dong_giang,,2,48
20476,Xã Sông Kôn,xa_song_kon,xã,song_kon,,2,48
20485,Xã Sông Vàng,xa_song_vang,xã,song_vang,,2,48
20494,Xã Bến Hiên,xa_ben_hien,xã,ben_hien,,2,48
20500,Xã Đại Lộc,xa_dai_loc,xã,dai_loc,,2,48
20506,Xã Thượng Đức,xa_thuong_duc,xã,thuong_duc,,2,48
20515,Xã Hà Nha,xa_ha_nha,xã,ha_nha,,2,48
20539,Xã Vu Gia,xa_vu_gia,xã,vu_gia,,2,48
20542,Xã Phú Thuận,xa_phu_thuan,xã,phu_thuan,,2,48
20551,Phường Điện Bàn,phuong_dien_ban,phường,dien_ban,,2,48
20557,Phường Điện Bàn Bắc,phuong_dien_ban_bac,phường,dien_ban_bac,,2,48
20569,Xã Điện Bàn Tây,xa_dien_ban_tay,xã,dien_ban_tay,,2,48
20575,Phường An Thắng,phuong_an_thang,phường,an_thang,,2,48
20579,Phường Điện Bàn Đông,phuong_dien_ban_dong,phường,dien_ban_dong,,2,48
20587,Xã Gò Nổi,xa_go_noi,xã,go_noi,,2,48
20599,Xã Nam Phước,xa_nam_phuoc,xã,nam_phuoc,,2,48
20611,Xã Thu Bồn,xa_thu_bon,xã,thu_bon,,2,48
20623,Xã Duy Xuyên,xa_duy_xuyen,xã,duy_xuyen,,2,48
20635,Xã Duy Nghĩa,xa_duy_nghia,xã,duy_nghia,,2,48
20641,Xã Quế Sơn,xa_que_son,xã,que_son,,2,48
20650,Xã Xuân Phú,xa_xuan_phu,xã,xuan_phu,,2,48
20656,Xã Nông Sơn,xa_nong_son,xã,nong_son,,2,48
20662,Xã Quế Sơn Trung,xa_que_son_trung,xã,que_son_trung,,2,48
20669,Xã Quế Phước,xa_que_phuoc,xã,que_phuoc,,2,48
20695,Xã Thạnh Mỹ,xa_thanh_my,xã,thanh_my,,2,48
20698,Xã La Êê,xa_la_ee,xã,la_ee,,2,48
20704,Xã La Dêê,xa_la_dee,xã,la_dee,,2,48
20707,Xã Nam Giang,xa_nam_giang,xã,nam_giang,,2,48
20710,Xã Bến Giằng,xa_ben_giang,xã,ben_giang,,2,48
20716,Xã Đắc Pring,xa_dac_pring,xã,dac_pring,,2,48
20722,Xã Khâm Đức,xa_kham_duc,xã,kham_duc,,2,48
20728,Xã Phước Hiệp,xa_phuoc_hiep,xã,phuoc_hiep,,2,48
20734,Xã Phước Năng,xa_phuoc_nang,xã,phuoc_nang,,2,48
20740,Xã Phước Chánh,xa_phuoc_chanh,xã,phuoc_chanh,,2,48
20752,Xã Phước Thành,xa_phuoc_thanh,xã,phuoc_thanh,,2,48
20767,Xã Việt An,xa_viet_an,xã,viet_an,,2,48
20770,Xã Phước Trà,xa_phuoc_tra,xã,phuoc_tra,,2,48
20779,Xã Hiệp Đức,xa_hiep_duc,xã,hiep_duc,,2,48
20791,Xã Thăng Bình,xa_thang_binh,xã,thang_binh,,2,48
20794,Xã Thăng An,xa_thang_an,xã,thang_an,,2,48
20818,Xã Đồng Dương,xa_dong_duong,xã,dong_duong,,2,48
20827,Xã Thăng Phú,xa_thang_phu,xã,thang_phu,,2,48
20836,Xã Thăng Trường,xa_thang_truong,xã,thang_truong,,2,48
20848,Xã Thăng Điền,xa_thang_dien,xã,thang_dien,,2,48
20854,Xã Tiên Phước,xa_tien_phuoc,xã,tien_phuoc,,2,48
20857,Xã Sơn Cẩm Hà,xa_son_cam_ha,xã,son_cam_ha,,2,48
20875,Xã Lãnh Ngọc,xa_lanh_ngoc,xã,lanh_ngoc,,2,48
20878,Xã Thạnh Bình,xa_thanh_binh,xã,thanh_binh,,2,48
20900,Xã Trà My,xa_tra_my,xã,tra_my,,2,48
20908,Xã Trà Liên,xa_tra_lien,xã,tra_lien,,2,48
20920,Xã Trà Đốc,xa_tra_doc,xã,tra_doc,,2,48
20923,Xã Trà Tân,xa_tra_tan,xã,tra_tan,,2,48
20929,Xã Trà Giáp,xa_tra_giap,xã,tra_giap,,2,48
20938,Xã Trà Leng,xa_tra_leng,xã,tra_leng,,2,48
20941,Xã Trà Tập,xa_tra_tap,xã,tra_tap,,2,48
20944,Xã Nam Trà My,xa_nam_tra_my,xã,nam_tra_my,,2,48
20950,Xã Trà Linh,xa_tra_linh,xã,tra_linh,,2,48
20959,Xã Trà Vân,xa_tra_van,xã,tra_van,,2,48
20965,Xã Núi Thành,xa_nui_thanh,xã,nui_thanh,,2,48
20971,Xã Tam Xuân,xa_tam_xuan,xã,tam_xuan,,2,48
20977,Xã Đức Phú,xa_duc_phu,xã,duc_phu,,2,48
20984,Xã Tam Anh,xa_tam_anh,xã,tam_anh,,2,48
20992,Xã Tam Hải,xa_tam_hai,xã,tam_hai,,2,48
21004,Xã Tam Mỹ,xa_tam_my,xã,tam_my,,2,48
51,Tỉnh Quảng Ngãi,quang_ngai,tỉnh,,255,1,
21025,Phường Cẩm Thành,phuong_cam_thanh,phường,cam_thanh,,2,51
21028,Phường Nghĩa Lộ,phuong_nghia_lo,phường,nghia_lo,,2,51
21034,Xã An Phú,xa_an_phu,xã,an_phu,,2,51
21040,Xã Bình Sơn,xa_binh_son,xã,binh_son,,2,51
21061,Xã Vạn Tường,xa_van_tuong,xã,van_tuong,,2,51
21085,Xã Bình Minh,xa_binh_minh,xã,binh_minh,,2,51
21100,Xã Bình Chương,xa_binh_chuong,xã,binh_chuong,,2,51
21109,Xã Đông Sơn,xa_dong_son,xã,dong_son,,2,51
21115,Xã Trà Bồng,xa_tra_bong,xã,tra_bong,,2,51
21124,Xã Thanh Bồng,xa_thanh_bong,xã,thanh_bong,,2,51
21127,Xã Đông Trà Bồng,xa_dong_tra_bong,xã,dong_tra_bong,,2,51
21136,Xã Cà Đam,xa_ca_dam,xã,ca_dam,,2,51
21154,Xã Tây Trà,xa_tay_tra,xã,tay_tra,,2,51
21157,Xã Tây Trà Bồng,xa_tay_tra_bong,xã,tay_tra_bong,,2,51
21172,Phường Trương Quang Trọng,phuong_truong_quang_trong,phường,truong_quang_trong,,2,51
21181,Xã Thọ Phong,xa_tho_phong,xã,tho_phong,,2,51
21196,Xã Trường Giang,xa_truong_giang,xã,truong_giang,,2,51
21205,Xã Ba Gia,xa_ba_gia,xã,ba_gia,,2,51
21211,Xã Tịnh Khê,xa_tinh_khe,xã,tinh_khe,,2,51
21220,Xã Sơn Tịnh,xa_son_tinh,xã,son_tinh,,2,51
21235,Xã Tư Nghĩa,xa_tu_nghia,xã,tu_nghia,,2,51
21238,Xã Vệ Giang,xa_ve_giang,xã,ve_giang,,2,51
21244,Xã Trà Giang,xa_tra_giang,xã,tra_giang,,2,51
21250,Xã Nghĩa Giang,xa_nghia_giang,xã,nghia_giang,,2,51
21289,Xã Sơn Hà,xa_son_ha,xã,son_ha,,2,51
21292,Xã Sơn Hạ,xa_son_ha,xã,son_ha,,2,51
21307,Xã Sơn Linh,xa_son_linh,xã,son_linh,,2,51
21319,Xã Sơn Thủy,xa_son_thuy,xã,son_thuy,,2,51
21325,Xã Sơn Kỳ,xa_son_ky,xã,son_ky,,2,51
21334,Xã Sơn Tây Thượng,xa_son_tay_thuong,xã,son_tay_thuong,,2,51
21340,Xã Sơn Tây,xa_son_tay,xã,son_tay,,2,51
21343,Xã Sơn Tây Hạ,xa_son_tay_ha,xã,son_tay_ha,,2,51
21349,Xã Sơn Mai,xa_son_mai,xã,son_mai,,2,51
21361,Xã Minh Long,xa_minh_long,xã,minh_long,,2,51
21364,Xã Nghĩa Hành,xa_nghia_hanh,xã,nghia_hanh,,2,51
21370,Xã Phước Giang,xa_phuoc_giang,xã,phuoc_giang,,2,51
21385,Xã Đình Cương,xa_dinh_cuong,xã,dinh_cuong,,2,51
21388,Xã Thiện Tín,xa_thien_tin,xã,thien_tin,,2,51
21400,Xã Mộ Đức,xa_mo_duc,xã,mo_duc,,2,51
21409,Xã Long Phụng,xa_long_phung,xã,long_phung,,2,51
21421,Xã Mỏ Cày,xa_mo_cay,xã,mo_cay,,2,51
21433,Xã Lân Phong,xa_lan_phong,xã,lan_phong,,2,51
21439,Phường Đức Phổ,phuong_duc_pho,phường,duc_pho,,2,51
21451,Phường Trà Câu,phuong_tra_cau,phường,tra_cau,,2,51
21457,Xã Nguyễn Nghiêm,xa_nguyen_nghiem,xã,nguyen_nghiem,,2,51
21472,Xã Khánh Cường,xa_khanh_cuong,xã,khanh_cuong,,2,51
21478,Phường Sa Huỳnh,phuong_sa_huynh,phường,sa_huynh,,2,51
21484,Xã Ba Tơ,xa_ba_to,xã,ba_to,,2,51
21490,Xã Ba Vinh,xa_ba_vinh,xã,ba_vinh,,2,51
21496,Xã Ba Động,xa_ba_dong,xã,ba_dong,,2,51
21499,Xã Ba Dinh,xa_ba_dinh,xã,ba_dinh,,2,51
21520,Xã Đặng Thùy Trâm,xa_dang_thuy_tram,xã,dang_thuy_tram,,2,51
21523,Xã Ba Tô,xa_ba_to,xã,ba_to,,2,51
21529,Xã Ba Vì,xa_ba_vi,xã,ba_vi,,2,51
21538,Xã Ba Xa,xa_ba_xa,xã,ba_xa,,2,51
21548,Đặc khu Lý Sơn,dac_khu_ly_son,đặc khu,ly_son,,2,51
23284,Phường Đăk Cấm,phuong_dak_cam,phường,dak_cam,,2,51
23293,Phường Kon Tum,phuong_kon_tum,phường,kon_tum,,2,51
23302,Phường Đăk Bla,phuong_dak_bla,phường,dak_bla,,2,51
23317,Xã Ngọk Bay,xa_ngok_bay,xã,ngok_bay,,2,51
23326,Xã Ia Chim,xa_ia_chim,xã,ia_chim,,2,51
23332,Xã Đăk Rơ Wa,xa_dak_ro_wa,xã,dak_ro_wa,,2,51
23341,Xã Đăk Pék,xa_dak_pek,xã,dak_pek,,2,51
23344,Xã Đăk Plô,xa_dak_plo,xã,dak_plo,,2,51
23356,Xã Xốp,xa_xop,xã,xop,,2,51
23365,Xã Ngọc Linh,xa_ngoc_linh,xã,ngoc_linh,,2,51
23368,Xã Đăk Long,xa_dak_long,xã,dak_long,,2,51
23374,Xã Đăk Môn,xa_dak_mon,xã,dak_mon,,2,51
23377,Xã Bờ Y,xa_bo_y,xã,bo_y,,2,51
23383,Xã Dục Nông,xa_duc_nong,xã,duc_nong,,2,51
23392,Xã Sa Loong,xa_sa_loong,xã,sa_loong,,2,51
23401,Xã Đăk Tô,xa_dak_to,xã,dak_to,,2,51
23416,Xã Đăk Sao,xa_dak_sao,xã,dak_sao,,2,51
23419,Xã Đăk Tờ Kan,xa_dak_to_kan,xã,dak_to_kan,,2,51
23425,Xã Tu Mơ Rông,xa_tu_mo_rong,xã,tu_mo_rong,,2,51
23428,Xã Ngọk Tụ,xa_ngok_tu,xã,ngok_tu,,2,51
23430,Xã Kon Đào,xa_kon_dao,xã,kon_dao,,2,51
23446,Xã Măng Ri,xa_mang_ri,xã,mang_ri,,2,51
23455,Xã Măng Bút,xa_mang_but,xã,mang_but,,2,51
23473,Xã Măng Đen,xa_mang_den,xã,mang_den,,2,51
23476,Xã Kon Plông,xa_kon_plong,xã,kon_plong,,2,51
23479,Xã Đăk Rve,xa_dak_rve,xã,dak_rve,,2,51
23485,Xã Đăk Kôi,xa_dak_koi,xã,dak_koi,,2,51
23497,Xã Kon Braih,xa_kon_braih,xã,kon_braih,,2,51
23500,Xã Đăk Hà,xa_dak_ha,xã,dak_ha,,2,51
23504,Xã Đăk Pxi,xa_dak_pxi,xã,dak_pxi,,2,51
23510,Xã Đăk Ui,xa_dak_ui,xã,dak_ui,,2,51
23512,Xã Đăk Mar,xa_dak_mar,xã,dak_mar,,2,51
23515,Xã Ngọk Réo,xa_ngok_reo,xã,ngok_reo,,2,51
23527,Xã Sa Thầy,xa_sa_thay,xã,sa_thay,,2,51
23530,Xã Rờ Kơi,xa_ro_koi,xã,ro_koi,,2,51
23534,Xã Sa Bình,xa_sa_binh,xã,sa_binh,,2,51
23535,Xã Ia Đal,xa_ia_dal,xã,ia_dal,,2,51
23536,Xã Mô Rai,xa_mo_rai,xã,mo_rai,,2,51
23538,Xã Ia Tơi,xa_ia_toi,xã,ia_toi,,2,51
23548,Xã Ya Ly,xa_ya_ly,xã,ya_ly,,2,51
52,Tỉnh Gia Lai,gia_lai,tỉnh,,269,1,
21553,Phường Quy Nhơn Bắc,phuong_quy_nhon_bac,phường,quy_nhon_bac,,2,52
21583,Phường Quy Nhơn,phuong_quy_nhon,phường,quy_nhon,,2,52
21589,Phường Quy Nhơn Tây,phuong_quy_nhon_tay,phường,quy_nhon_tay,,2,52
21592,Phường Quy Nhơn Nam,phuong_quy_nhon_nam,phường,quy_nhon_nam,,2,52
21601,Phường Quy Nhơn Đông,phuong_quy_nhon_dong,phường,quy_nhon_dong,,2,52
21607,Xã Nhơn Châu,xa_nhon_chau,xã,nhon_chau,,2,52
21609,Xã An Lão,xa_an_lao,xã,an_lao,,2,52
21616,Xã An Vinh,xa_an_vinh,xã,an_vinh,,2,52
21622,Xã An Toàn,xa_an_toan,xã,an_toan,,2,52
21628,Xã An Hòa,xa_an_hoa,xã,an_hoa,,2,52
21637,Phường Tam Quan,phuong_tam_quan,phường,tam_quan,,2,52
21640,Phường Bồng Sơn,phuong_bong_son,phường,bong_son,,2,52
21655,Phường Hoài Nhơn Bắc,phuong_hoai_nhon_bac,phường,hoai_nhon_bac,,2,52
21661,Phường Hoài Nhơn Tây,phuong_hoai_nhon_tay,phường,hoai_nhon_tay,,2,52
21664,Phường Hoài Nhơn,phuong_hoai_nhon,phường,hoai_nhon,,2,52
21670,Phường Hoài Nhơn Đông,phuong_hoai_nhon_dong,phường,hoai_nhon_dong,,2,52
21673,Phường Hoài Nhơn Nam,phuong_hoai_nhon_nam,phường,hoai_nhon_nam,,2,52
21688,Xã Hoài Ân,xa_hoai_an,xã,hoai_an,,2,52
21697,Xã Ân Hảo,xa_an_hao,xã,an_hao,,2,52
21703,Xã Vạn Đức,xa_van_duc,xã,van_duc,,2,52
21715,Xã Ân Tường,xa_an_tuong,xã,an_tuong,,2,52
21727,Xã Kim Sơn,xa_kim_son,xã,kim_son,,2,52
21730,Xã Phù Mỹ,xa_phu_my,xã,phu_my,,2,52
21733,Xã Bình Dương,xa_binh_duong,xã,binh_duong,,2,52
21739,Xã Phù Mỹ Bắc,xa_phu_my_bac,xã,phu_my_bac,,2,52
21751,Xã Phù Mỹ Đông,xa_phu_my_dong,xã,phu_my_dong,,2,52
21757,Xã Phù Mỹ Tây,xa_phu_my_tay,xã,phu_my_tay,,2,52
21769,Xã An Lương,xa_an_luong,xã,an_luong,,2,52
21775,Xã Phù Mỹ Nam,xa_phu_my_nam,xã,phu_my_nam,,2,52
21786,Xã Vĩnh Thạnh,xa_vinh_thanh,xã,vinh_thanh,,2,52
21787,Xã Vĩnh Sơn,xa_vinh_son,xã,vinh_son,,2,52
21796,Xã Vĩnh Thịnh,xa_vinh_thinh,xã,vinh_thinh,,2,52
21805,Xã Vĩnh Quang,xa_vinh_quang,xã,vinh_quang,,2,52
21808,Xã Tây Sơn,xa_tay_son,xã,tay_son,,2,52
21817,Xã Bình Hiệp,xa_binh_hiep,xã,binh_hiep,,2,52
21820,Xã Bình Khê,xa_binh_khe,xã,binh_khe,,2,52
21829,Xã Bình An,xa_binh_an,xã,binh_an,,2,52
21835,Xã Bình Phú,xa_binh_phu,xã,binh_phu,,2,52
21853,Xã Phù Cát,xa_phu_cat,xã,phu_cat,,2,52
21859,Xã Đề Gi,xa_de_gi,xã,de_gi,,2,52
21868,Xã Hội Sơn,xa_hoi_son,xã,hoi_son,,2,52
21871,Xã Hòa Hội,xa_hoa_hoi,xã,hoa_hoi,,2,52
21880,Xã Cát Tiến,xa_cat_tien,xã,cat_tien,,2,52
21892,Xã Xuân An,xa_xuan_an,xã,xuan_an,,2,52
21901,Xã Ngô Mây,xa_ngo_may,xã,ngo_may,,2,52
21907,Phường Bình Định,phuong_binh_dinh,phường,binh_dinh,,2,52
21910,Phường An Nhơn,phuong_an_nhon,phường,an_nhon,,2,52
21925,Phường An Nhơn Bắc,phuong_an_nhon_bac,phường,an_nhon_bac,,2,52
21934,Phường An Nhơn Đông,phuong_an_nhon_dong,phường,an_nhon_dong,,2,52
21940,Xã An Nhơn Tây,xa_an_nhon_tay,xã,an_nhon_tay,,2,52
21943,Phường An Nhơn Nam,phuong_an_nhon_nam,phường,an_nhon_nam,,2,52
21952,Xã Tuy Phước,xa_tuy_phuoc,xã,tuy_phuoc,,2,52
21964,Xã Tuy Phước Bắc,xa_tuy_phuoc_bac,xã,tuy_phuoc_bac,,2,52
21970,Xã Tuy Phước Đông,xa_tuy_phuoc_dong,xã,tuy_phuoc_dong,,2,52
21985,Xã Tuy Phước Tây,xa_tuy_phuoc_tay,xã,tuy_phuoc_tay,,2,52
21994,Xã Vân Canh,xa_van_canh,xã,van_canh,,2,52
21997,Xã Canh Liên,xa_canh_lien,xã,canh_lien,,2,52
22006,Xã Canh Vinh,xa_canh_vinh,xã,canh_vinh,,2,52
23563,Phường Diên Hồng,phuong_dien_hong,phường,dien_hong,,2,52
23575,Phường Pleiku,phuong_pleiku,phường,pleiku,,2,52
23584,Phường Thống Nhất,phuong_thong_nhat,phường,thong_nhat,,2,52
23586,Phường Hội Phú,phuong_hoi_phu,phường,hoi_phu,,2,52
23590,Xã Biển Hồ,xa_bien_ho,xã,bien_ho,,2,52
23602,Phường An Phú,phuong_an_phu,phường,an_phu,,2,52
23611,Xã Gào,xa_gao,xã,gao,,2,52
23614,Phường An Bình,phuong_an_binh,phường,an_binh,,2,52
23617,Phường An Khê,phuong_an_khe,phường,an_khe,,2,52
23629,Xã Cửu An,xa_cuu_an,xã,cuu_an,,2,52
23638,Xã Kbang,xa_kbang,xã,kbang,,2,52
23644,Xã Đak Rong,xa_dak_rong,xã,dak_rong,,2,52
23647,Xã Sơn Lang,xa_son_lang,xã,son_lang,,2,52
23650,Xã Krong,xa_krong,xã,krong,,2,52
23668,Xã Tơ Tung,xa_to_tung,xã,to_tung,,2,52
23674,Xã Kông Bơ La,xa_kong_bo_la,xã,kong_bo_la,,2,52
23677,Xã Đak Đoa,xa_dak_doa,xã,dak_doa,,2,52
23683,Xã Đak Sơmei,xa_dak_somei,xã,dak_somei,,2,52
23701,Xã Kon Gang,xa_kon_gang,xã,kon_gang,,2,52
23710,Xã Ia Băng,xa_ia_bang,xã,ia_bang,,2,52
23714,Xã KDang,xa_kdang,xã,kdang,,2,52
23722,Xã Chư Păh,xa_chu_pah,xã,chu_pah,,2,52
23728,Xã Ia Khươl,xa_ia_khuol,xã,ia_khuol,,2,52
23734,Xã Ia Ly,xa_ia_ly,xã,ia_ly,,2,52
23749,Xã Ia Phí,xa_ia_phi,xã,ia_phi,,2,52
23764,Xã Ia Grai,xa_ia_grai,xã,ia_grai,,2,52
23767,Xã Ia Hrung,xa_ia_hrung,xã,ia_hrung,,2,52
23776,Xã Ia Krái,xa_ia_krai,xã,ia_krai,,2,52
23782,Xã Ia O,xa_ia_o,xã,ia_o,,2,52
23788,Xã Ia Chia,xa_ia_chia,xã,ia_chia,,2,52
23794,Xã Mang Yang,xa_mang_yang,xã,mang_yang,,2,52
23798,Xã Ayun,xa_ayun,xã,ayun,,2,52
23799,Xã Hra,xa_hra,xã,hra,,2,52
23812,Xã Lơ Pang,xa_lo_pang,xã,lo_pang,,2,52
23818,Xã Kon Chiêng,xa_kon_chieng,xã,kon_chieng,,2,52
23824,Xã Kông Chro,xa_kong_chro,xã,kong_chro,,2,52
23830,Xã Chư Krey,xa_chu_krey,xã,chu_krey,,2,52
23833,Xã Ya Ma,xa_ya_ma,xã,ya_ma,,2,52
23839,Xã SRó,xa_sro,xã,sro,,2,52
23842,Xã Đăk Song,xa_dak_song,xã,dak_song,,2,52
23851,Xã Chơ Long,xa_cho_long,xã,cho_long,,2,52
23857,Xã Đức Cơ,xa_duc_co,xã,duc_co,,2,52
23866,Xã Ia Krêl,xa_ia_krel,xã,ia_krel,,2,52
23869,Xã Ia Dơk,xa_ia_dok,xã,ia_dok,,2,52
23872,Xã Ia Dom,xa_ia_dom,xã,ia_dom,,2,52
23881,Xã Ia Pnôn,xa_ia_pnon,xã,ia_pnon,,2,52
23884,Xã Ia Nan,xa_ia_nan,xã,ia_nan,,2,52
23887,Xã Chư Prông,xa_chu_prong,xã,chu_prong,,2,52
23896,Xã Bàu Cạn,xa_bau_can,xã,bau_can,,2,52
23908,Xã Ia Tôr,xa_ia_tor,xã,ia_tor,,2,52
23911,Xã Ia Boòng,xa_ia_boong,xã,ia_boong,,2,52
23917,Xã Ia Púch,xa_ia_puch,xã,ia_puch,,2,52
23926,Xã Ia Pia,xa_ia_pia,xã,ia_pia,,2,52
23935,Xã Ia Lâu,xa_ia_lau,xã,ia_lau,,2,52
23938,Xã Ia Mơ,xa_ia_mo,xã,ia_mo,,2,52
23941,Xã Chư Sê,xa_chu_se,xã,chu_se,,2,52
23942,Xã Chư Pưh,xa_chu_puh,xã,chu_puh,,2,52
23947,Xã Bờ Ngoong,xa_bo_ngoong,xã,bo_ngoong,,2,52
23954,Xã Al Bá,xa_al_ba,xã,al_ba,,2,52
23971,Xã Ia Hrú,xa_ia_hru,xã,ia_hru,,2,52
23977,Xã Ia Ko,xa_ia_ko,xã,ia_ko,,2,52
23986,Xã Ia Le,xa_ia_le,xã,ia_le,,2,52
23995,Xã Đak Pơ,xa_dak_po,xã,dak_po,,2,52
24007,Xã Ya Hội,xa_ya_hoi,xã,ya_hoi,,2,52
24013,Xã Pờ Tó,xa_po_to,xã,po_to,,2,52
24022,Xã Ia Pa,xa_ia_pa,xã,ia_pa,,2,52
24028,Xã Ia Tul,xa_ia_tul,xã,ia_tul,,2,52
24043,Xã Phú Thiện,xa_phu_thien,xã,phu_thien,,2,52
24044,Phường Ayun Pa,phuong_ayun_pa,phường,ayun_pa,,2,52
24049,Xã Chư A Thai,xa_chu_a_thai,xã,chu_a_thai,,2,52
24061,Xã Ia Hiao,xa_ia_hiao,xã,ia_hiao,,2,52
24065,Xã Ia Rbol,xa_ia_rbol,xã,ia_rbol,,2,52
24073,Xã Ia Sao,xa_ia_sao,xã,ia_sao,,2,52
24076,Xã Phú Túc,xa_phu_tuc,xã,phu_tuc,,2,52
24100,Xã Ia Dreh,xa_ia_dreh,xã,ia_dreh,,2,52
24109,Xã Uar,xa_uar,xã,uar,,2,52
24112,Xã Ia Rsai,xa_ia_rsai,xã,ia_rsai,,2,52
56,Tỉnh Khánh Hòa,khanh_hoa,tỉnh,,258,1,
22333,Phường Bắc Nha Trang,phuong_bac_nha_trang,phường,bac_nha_trang,,2,56
22366,Phường Nha Trang,phuong_nha_trang,phường,nha_trang,,2,56
22390,Phường Tây Nha Trang,phuong_tay_nha_trang,phường,tay_nha_trang,,2,56
22402,Phường Nam Nha Trang,phuong_nam_nha_trang,phường,nam_nha_trang,,2,56
22411,Phường Bắc Cam Ranh,phuong_bac_cam_ranh,phường,bac_cam_ranh,,2,56
22420,Phường Cam Ranh,phuong_cam_ranh,phường,cam_ranh,,2,56
22423,Phường Ba Ngòi,phuong_ba_ngoi,phường,ba_ngoi,,2,56
22432,Phường Cam Linh,phuong_cam_linh,phường,cam_linh,,2,56
22435,Xã Cam Hiệp,xa_cam_hiep,xã,cam_hiep,,2,56
22453,Xã Cam Lâm,xa_cam_lam,xã,cam_lam,,2,56
22465,Xã Cam An,xa_cam_an,xã,cam_an,,2,56
22480,Xã Nam Cam Ranh,xa_nam_cam_ranh,xã,nam_cam_ranh,,2,56
22489,Xã Vạn Ninh,xa_van_ninh,xã,van_ninh,,2,56
22498,Xã Tu Bông,xa_tu_bong,xã,tu_bong,,2,56
22504,Xã Đại Lãnh,xa_dai_lanh,xã,dai_lanh,,2,56
22516,Xã Vạn Thắng,xa_van_thang,xã,van_thang,,2,56
22525,Xã Vạn Hưng,xa_van_hung,xã,van_hung,,2,56
22528,Phường Ninh Hòa,phuong_ninh_hoa,phường,ninh_hoa,,2,56
22546,Xã Bắc Ninh Hòa,xa_bac_ninh_hoa,xã,bac_ninh_hoa,,2,56
22552,Xã Tây Ninh Hòa,xa_tay_ninh_hoa,xã,tay_ninh_hoa,,2,56
22558,Xã Hòa Trí,xa_hoa_tri,xã,hoa_tri,,2,56
22561,Phường Đông Ninh Hòa,phuong_dong_ninh_hoa,phường,dong_ninh_hoa,,2,56
22576,Xã Tân Định,xa_tan_dinh,xã,tan_dinh,,2,56
22591,Phường Hòa Thắng,phuong_hoa_thang,phường,hoa_thang,,2,56
22597,Xã Nam Ninh Hòa,xa_nam_ninh_hoa,xã,nam_ninh_hoa,,2,56
22609,Xã Khánh Vĩnh,xa_khanh_vinh,xã,khanh_vinh,,2,56
22612,Xã Trung Khánh Vĩnh,xa_trung_khanh_vinh,xã,trung_khanh_vinh,,2,56
22615,Xã Bắc Khánh Vĩnh,xa_bac_khanh_vinh,xã,bac_khanh_vinh,,2,56
22624,Xã Tây Khánh Vĩnh,xa_tay_khanh_vinh,xã,tay_khanh_vinh,,2,56
22648,Xã Nam Khánh Vĩnh,xa_nam_khanh_vinh,xã,nam_khanh_vinh,,2,56
22651,Xã Diên Khánh,xa_dien_khanh,xã,dien_khanh,,2,56
22657,Xã Diên Điền,xa_dien_dien,xã,dien_dien,,2,56
22660,Xã Diên Lâm,xa_dien_lam,xã,dien_lam,,2,56
22672,Xã Diên Thọ,xa_dien_tho,xã,dien_tho,,2,56
22678,Xã Diên Lạc,xa_dien_lac,xã,dien_lac,,2,56
22702,Xã Suối Hiệp,xa_suoi_hiep,xã,suoi_hiep,,2,56
22708,Xã Suối Dầu,xa_suoi_dau,xã,suoi_dau,,2,56
22714,Xã Khánh Sơn,xa_khanh_son,xã,khanh_son,,2,56
22720,Xã Tây Khánh Sơn,xa_tay_khanh_son,xã,tay_khanh_son,,2,56
22732,Xã Đông Khánh Sơn,xa_dong_khanh_son,xã,dong_khanh_son,,2,56
22736,Đặc khu Trường Sa,dac_khu_truong_sa,đặc khu,truong_sa,,2,56
22738,Phường Đô Vinh,phuong_do_vinh,phường,do_vinh,,2,56
22741,Phường Bảo An,phuong_bao_an,phường,bao_an,,2,56
22759,Phường Phan Rang,phuong_phan_rang,phường,phan_rang,,2,56
22780,Phường Đông Hải,phuong_dong_hai,phường,dong_hai,,2,56
22786,Xã Bác Ái Tây,xa_bac_ai_tay,xã,bac_ai_tay,,2,56
22795,Xã Bác Ái,xa_bac_ai,xã,bac_ai,,2,56
22801,Xã Bác Ái Đông,xa_bac_ai_dong,xã,bac_ai_dong,,2,56
22810,Xã Ninh Sơn,xa_ninh_son,xã,ninh_son,,2,56
22813,Xã Lâm Sơn,xa_lam_son,xã,lam_son,,2,56
22822,Xã Mỹ Sơn,xa_my_son,xã,my_son,,2,56
22828,Xã Anh Dũng,xa_anh_dung,xã,anh_dung,,2,56
22834,Phường Ninh Chử,phuong_ninh_chu,phường,ninh_chu,,2,56
22840,Xã Công Hải,xa_cong_hai,xã,cong_hai,,2,56
22846,Xã Vĩnh Hải,xa_vinh_hai,xã,vinh_hai,,2,56
22849,Xã Thuận Bắc,xa_thuan_bac,xã,thuan_bac,,2,56
22852,Xã Ninh Hải,xa_ninh_hai,xã,ninh_hai,,2,56
22861,Xã Xuân Hải,xa_xuan_hai,xã,xuan_hai,,2,56
22870,Xã Ninh Phước,xa_ninh_phuoc,xã,ninh_phuoc,,2,56
22873,Xã Phước Hậu,xa_phuoc_hau,xã,phuoc_hau,,2,56
22888,Xã Phước Dinh,xa_phuoc_dinh,xã,phuoc_dinh,,2,56
22891,Xã Phước Hữu,xa_phuoc_huu,xã,phuoc_huu,,2,56
22897,Xã Thuận Nam,xa_thuan_nam,xã,thuan_nam,,2,56
22900,Xã Phước Hà,xa_phuoc_ha,xã,phuoc_ha,,2,56
22909,Xã Cà Ná,xa_ca_na,xã,ca_na,,2,56
66,Tỉnh Đắk Lắk,dak_lak,tỉnh,,262,1,
22015,Phường Tuy Hòa,phuong_tuy_hoa,phường,tuy_hoa,,2,66
22045,Phường Bình Kiến,phuong_binh_kien,phường,binh_kien,,2,66
22051,Phường Sông Cầu,phuong_song_cau,phường,song_cau,,2,66
22057,Xã Xuân Lộc,xa_xuan_loc,xã,xuan_loc,,2,66
22060,Xã Xuân Cảnh,xa_xuan_canh,xã,xuan_canh,,2,66
22075,Xã Xuân Thọ,xa_xuan_tho,xã,xuan_tho,,2,66
22076,Phường Xuân Đài,phuong_xuan_dai,phường,xuan_dai,,2,66
22081,Xã Đồng Xuân,xa_dong_xuan,xã,dong_xuan,,2,66
22090,Xã Xuân Lãnh,xa_xuan_lanh,xã,xuan_lanh,,2,66
22096,Xã Phú Mỡ,xa_phu_mo,xã,phu_mo,,2,66
22111,Xã Xuân Phước,xa_xuan_phuoc,xã,xuan_phuoc,,2,66
22114,Xã Tuy An Bắc,xa_tuy_an_bac,xã,tuy_an_bac,,2,66
22120,Xã Tuy An Đông,xa_tuy_an_dong,xã,tuy_an_dong,,2,66
22132,Xã Tuy An Tây,xa_tuy_an_tay,xã,tuy_an_tay,,2,66
22147,Xã Ô Loan,xa_o_loan,xã,o_loan,,2,66
22153,Xã Tuy An Nam,xa_tuy_an_nam,xã,tuy_an_nam,,2,66
22165,Xã Sơn Hòa,xa_son_hoa,xã,son_hoa,,2,66
22171,Xã Tây Sơn,xa_tay_son,xã,tay_son,,2,66
22177,Xã Vân Hòa,xa_van_hoa,xã,van_hoa,,2,66
22192,Xã Suối Trai,xa_suoi_trai,xã,suoi_trai,,2,66
22207,Xã Sông Hinh,xa_song_hinh,xã,song_hinh,,2,66
22222,Xã Đức Bình,xa_duc_binh,xã,duc_binh,,2,66
22225,Xã Ea Bá,xa_ea_ba,xã,ea_ba,,2,66
22237,Xã Ea Ly,xa_ea_ly,xã,ea_ly,,2,66
22240,Phường Phú Yên,phuong_phu_yen,phường,phu_yen,,2,66
22250,Xã Sơn Thành,xa_son_thanh,xã,son_thanh,,2,66
22255,Xã Tây Hòa,xa_tay_hoa,xã,tay_hoa,,2,66
22258,Phường Đông Hòa,phuong_dong_hoa,phường,dong_hoa,,2,66
22261,Phường Hòa Hiệp,phuong_hoa_hiep,phường,hoa_hiep,,2,66
22276,Xã Hòa Thịnh,xa_hoa_thinh,xã,hoa_thinh,,2,66
22285,Xã Hòa Mỹ,xa_hoa_my,xã,hoa_my,,2,66
22291,Xã Hòa Xuân,xa_hoa_xuan,xã,hoa_xuan,,2,66
22303,Xã Phú Hòa 2,xa_phu_hoa_2,xã,phu_hoa_2,,2,66
22319,Xã Phú Hòa 1,xa_phu_hoa_1,xã,phu_hoa_1,,2,66
24121,Phường Tân Lập,phuong_tan_lap,phường,tan_lap,,2,66
24133,Phường Buôn Ma Thuột,phuong_buon_ma_thuot,phường,buon_ma_thuot,,2,66
24154,Phường Thành Nhất,phuong_thanh_nhat,phường,thanh_nhat,,2,66
24163,Phường Tân An,phuong_tan_an,phường,tan_an,,2,66
24169,Phường Ea Kao,phuong_ea_kao,phường,ea_kao,,2,66
24175,Xã Hòa Phú,xa_hoa_phu,xã,hoa_phu,,2,66
24181,Xã Ea Drăng,xa_ea_drang,xã,ea_drang,,2,66
24184,Xã Ea H’Leo,xa_ea_hleo,xã,ea_hleo,,2,66
24187,Xã Ea Hiao,xa_ea_hiao,xã,ea_hiao,,2,66
24193,Xã Ea Wy,xa_ea_wy,xã,ea_wy,,2,66
24208,Xã Ea Khăl,xa_ea_khal,xã,ea_khal,,2,66
24211,Xã Ea Súp,xa_ea_sup,xã,ea_sup,,2,66
24214,Xã Ia Lốp,xa_ia_lop,xã,ia_lop,,2,66
24217,Xã Ea Rốk,xa_ea_rok,xã,ea_rok,,2,66
24221,Xã Ia Rvê,xa_ia_rve,xã,ia_rve,,2,66
24229,Xã Ea Bung,xa_ea_bung,xã,ea_bung,,2,66
24235,Xã Buôn Đôn,xa_buon_don,xã,buon_don,,2,66
24241,Xã Ea Wer,xa_ea_wer,xã,ea_wer,,2,66
24250,Xã Ea Nuôl,xa_ea_nuol,xã,ea_nuol,,2,66
24259,Xã Quảng Phú,xa_quang_phu,xã,quang_phu,,2,66
24265,Xã Ea Kiết,xa_ea_kiet,xã,ea_kiet,,2,66
24277,Xã Ea Tul,xa_ea_tul,xã,ea_tul,,2,66
24280,Xã Cư M’gar,xa_cu_mgar,xã,cu_mgar,,2,66
24286,Xã Ea M’Droh,xa_ea_mdroh,xã,ea_mdroh,,2,66
24301,Xã Cuôr Đăng,xa_cuor_dang,xã,cuor_dang,,2,66
24305,Phường Buôn Hồ,phuong_buon_ho,phường,buon_ho,,2,66
24310,Xã Krông Búk,xa_krong_buk,xã,krong_buk,,2,66
24313,Xã Cư Pơng,xa_cu_pong,xã,cu_pong,,2,66
24316,Xã Pơng Drang,xa_pong_drang,xã,pong_drang,,2,66
24328,Xã Ea Drông,xa_ea_drong,xã,ea_drong,,2,66
24340,Phường Cư Bao,phuong_cu_bao,phường,cu_bao,,2,66
24343,Xã Krông Năng,xa_krong_nang,xã,krong_nang,,2,66
24346,Xã Dliê Ya,xa_dlie_ya,xã,dlie_ya,,2,66
24352,Xã Tam Giang,xa_tam_giang,xã,tam_giang,,2,66
24364,Xã Phú Xuân,xa_phu_xuan,xã,phu_xuan,,2,66
24373,Xã Ea Kar,xa_ea_kar,xã,ea_kar,,2,66
24376,Xã Ea Knốp,xa_ea_knop,xã,ea_knop,,2,66
24400,Xã Ea Păl,xa_ea_pal,xã,ea_pal,,2,66
24403,Xã Ea Ô,xa_ea_o,xã,ea_o,,2,66
24406,Xã Cư Yang,xa_cu_yang,xã,cu_yang,,2,66
24412,Xã M’Drắk,xa_mdrak,xã,mdrak,,2,66
24415,Xã Cư Prao,xa_cu_prao,xã,cu_prao,,2,66
24433,Xã Ea Riêng,xa_ea_rieng,xã,ea_rieng,,2,66
24436,Xã Cư M’ta,xa_cu_mta,xã,cu_mta,,2,66
24444,Xã Krông Á,xa_krong_a,xã,krong_a,,2,66
24445,Xã Ea Trang,xa_ea_trang,xã,ea_trang,,2,66
24448,Xã Krông Bông,xa_krong_bong,xã,krong_bong,,2,66
24454,Xã Dang Kang,xa_dang_kang,xã,dang_kang,,2,66
24472,Xã Hòa Sơn,xa_hoa_son,xã,hoa_son,,2,66
24478,Xã Cư Pui,xa_cu_pui,xã,cu_pui,,2,66
24484,Xã Yang Mao,xa_yang_mao,xã,yang_mao,,2,66
24490,Xã Krông Pắc,xa_krong_pac,xã,krong_pac,,2,66
24496,Xã Ea Kly,xa_ea_kly,xã,ea_kly,,2,66
24502,Xã Ea Phê,xa_ea_phe,xã,ea_phe,,2,66
24505,Xã Ea Knuếc,xa_ea_knuec,xã,ea_knuec,,2,66
24526,Xã Tân Tiến,xa_tan_tien,xã,tan_tien,,2,66
24529,Xã Vụ Bổn,xa_vu_bon,xã,vu_bon,,2,66
24538,Xã Krông Ana,xa_krong_ana,xã,krong_ana,,2,66
24540,Xã Ea Ning,xa_ea_ning,xã,ea_ning,,2,66
24544,Xã Ea Ktur,xa_ea_ktur,xã,ea_ktur,,2,66
24559,Xã Ea Na,xa_ea_na,xã,ea_na,,2,66
24561,Xã Dray Bhăng,xa_dray_bhang,xã,dray_bhang,,2,66
24568,Xã Dur Kmăl,xa_dur_kmal,xã,dur_kmal,,2,66
24580,Xã Liên Sơn Lắk,xa_lien_son_lak,xã,lien_son_lak,,2,66
24595,Xã Đắk Liêng,xa_dak_lieng,xã,dak_lieng,,2,66
24598,Xã Đắk Phơi,xa_dak_phoi,xã,dak_phoi,,2,66
24604,Xã Krông Nô,xa_krong_no,xã,krong_no,,2,66
24607,Xã Nam Ka,xa_nam_ka,xã,nam_ka,,2,66
68,Tỉnh Lâm Đồng,lam_dong,tỉnh,,263,1,
22918,Phường Mũi Né,phuong_mui_ne,phường,mui_ne,,2,68
22924,Phường Phú Thuỷ,phuong_phu_thuy,phường,phu_thuy,,2,68
22933,Phường Hàm Thắng,phuong_ham_thang,phường,ham_thang,,2,68
22945,Phường Phan Thiết,phuong_phan_thiet,phường,phan_thiet,,2,68
22954,Phường Tiến Thành,phuong_tien_thanh,phường,tien_thanh,,2,68
22960,Phường Bình Thuận,phuong_binh_thuan,phường,binh_thuan,,2,68
22963,Xã Tuyên Quang,xa_tuyen_quang,xã,tuyen_quang,,2,68
22969,Xã Liên Hương,xa_lien_huong,xã,lien_huong,,2,68
22972,Xã Phan Rí Cửa,xa_phan_ri_cua,xã,phan_ri_cua,,2,68
22978,Xã Tuy Phong,xa_tuy_phong,xã,tuy_phong,,2,68
22981,Xã Vĩnh Hảo,xa_vinh_hao,xã,vinh_hao,,2,68
23005,Xã Bắc Bình,xa_bac_binh,xã,bac_binh,,2,68
23008,Xã Phan Sơn,xa_phan_son,xã,phan_son,,2,68
23020,Xã Hải Ninh,xa_hai_ninh,xã,hai_ninh,,2,68
23023,Xã Sông Lũy,xa_song_luy,xã,song_luy,,2,68
23032,Xã Lương Sơn,xa_luong_son,xã,luong_son,,2,68
23041,Xã Hồng Thái,xa_hong_thai,xã,hong_thai,,2,68
23053,Xã Hòa Thắng,xa_hoa_thang,xã,hoa_thang,,2,68
23059,Xã Hàm Thuận,xa_ham_thuan,xã,ham_thuan,,2,68
23065,Xã La Dạ,xa_la_da,xã,la_da,,2,68
23074,Xã Đông Giang,xa_dong_giang,xã,dong_giang,,2,68
23086,Xã Hồng Sơn,xa_hong_son,xã,hong_son,,2,68
23089,Xã Hàm Thuận Bắc,xa_ham_thuan_bac,xã,ham_thuan_bac,,2,68
23095,Xã Hàm Liêm,xa_ham_liem,xã,ham_liem,,2,68
23110,Xã Hàm Thuận Nam,xa_ham_thuan_nam,xã,ham_thuan_nam,,2,68
23122,Xã Hàm Thạnh,xa_ham_thanh,xã,ham_thanh,,2,68
23128,Xã Hàm Kiệm,xa_ham_kiem,xã,ham_kiem,,2,68
23134,Xã Tân Lập,xa_tan_lap,xã,tan_lap,,2,68
23143,Xã Tân Thành,xa_tan_thanh,xã,tan_thanh,,2,68
23149,Xã Tánh Linh,xa_tanh_linh,xã,tanh_linh,,2,68
23152,Xã Bắc Ruộng,xa_bac_ruong,xã,bac_ruong,,2,68
23158,Xã Nghị Đức,xa_nghi_duc,xã,nghi_duc,,2,68
23173,Xã Đồng Kho,xa_dong_kho,xã,dong_kho,,2,68
23188,Xã Suối Kiết,xa_suoi_kiet,xã,suoi_kiet,,2,68
23191,Xã Đức Linh,xa_duc_linh,xã,duc_linh,,2,68
23194,Xã Hoài Đức,xa_hoai_duc,xã,hoai_duc,,2,68
23200,Xã Nam Thành,xa_nam_thanh,xã,nam_thanh,,2,68
23227,Xã Trà Tân,xa_tra_tan,xã,tra_tan,,2,68
23230,Xã Tân Minh,xa_tan_minh,xã,tan_minh,,2,68
23231,Phường Phước Hội,phuong_phuoc_hoi,phường,phuoc_hoi,,2,68
23235,Phường La Gi,phuong_la_gi,phường,la_gi,,2,68
23236,Xã Hàm Tân,xa_ham_tan,xã,ham_tan,,2,68
23246,Xã Tân Hải,xa_tan_hai,xã,tan_hai,,2,68
23266,Xã Sơn Mỹ,xa_son_my,xã,son_my,,2,68
23272,Đặc khu Phú Quý,dac_khu_phu_quy,đặc khu,phu_quy,,2,68
24611,Phường Bắc Gia Nghĩa,phuong_bac_gia_nghia,phường,bac_gia_nghia,,2,68
24615,Phường Nam Gia Nghĩa,phuong_nam_gia_nghia,phường,nam_gia_nghia,,2,68
24616,Xã Quảng Sơn,xa_quang_son,xã,quang_son,,2,68
24617,Phường Đông Gia Nghĩa,phuong_dong_gia_nghia,phường,dong_gia_nghia,,2,68
24620,Xã Quảng Hòa,xa_quang_hoa,xã,quang_hoa,,2,68
24631,Xã Quảng Khê,xa_quang_khe,xã,quang_khe,,2,68
24637,Xã Tà Đùng,xa_ta_dung,xã,ta_dung,,2,68
24640,Xã Cư Jút,xa_cu_jut,xã,cu_jut,,2,68
24646,Xã Đắk Wil,xa_dak_wil,xã,dak_wil,,2,68
24649,Xã Nam Dong,xa_nam_dong,xã,nam_dong,,2,68
24664,Xã Đức Lập,xa_duc_lap,xã,duc_lap,,2,68
24670,Xã Đắk Mil,xa_dak_mil,xã,dak_mil,,2,68
24678,Xã Đắk Sắk,xa_dak_sak,xã,dak_sak,,2,68
24682,Xã Thuận An,xa_thuan_an,xã,thuan_an,,2,68
24688,Xã Krông Nô,xa_krong_no,xã,krong_no,,2,68
24697,Xã Nam Đà,xa_nam_da,xã,nam_da,,2,68
24703,Xã Nâm Nung,xa_nam_nung,xã,nam_nung,,2,68
24712,Xã Quảng Phú,xa_quang_phu,xã,quang_phu,,2,68
24717,Xã Đức An,xa_duc_an,xã,duc_an,,2,68
24718,Xã Đắk Song,xa_dak_song,xã,dak_song,,2,68
24722,Xã Thuận Hạnh,xa_thuan_hanh,xã,thuan_hanh,,2,68
24730,Xã Trường Xuân,xa_truong_xuan,xã,truong_xuan,,2,68
24733,Xã Kiến Đức,xa_kien_duc,xã,kien_duc,,2,68
24736,Xã Quảng Trực,xa_quang_truc,xã,quang_truc,,2,68
24739,Xã Tuy Đức,xa_tuy_duc,xã,tuy_duc,,2,68
24748,Xã Quảng Tân,xa_quang_tan,xã,quang_tan,,2,68
24751,Xã Nhân Cơ,xa_nhan_co,xã,nhan_co,,2,68
24760,Xã Quảng Tín,xa_quang_tin,xã,quang_tin,,2,68
24778,Phường Lâm Viên - Đà Lạt,phuong_lam_vien_da_lat,phường,lam_vien_da_lat,,2,68
24781,Phường Xuân Hương - Đà Lạt,phuong_xuan_huong_da_lat,phường,xuan_huong_da_lat,,2,68
24787,Phường Cam Ly - Đà Lạt,phuong_cam_ly_da_lat,phường,cam_ly_da_lat,,2,68
24805,Phường Xuân Trường - Đà Lạt,phuong_xuan_truong_da_lat,phường,xuan_truong_da_lat,,2,68
24820,Phường 2 Bảo Lộc,phuong_2_bao_loc,phường,2_bao_loc,,2,68
24823,Phường 1 Bảo Lộc,phuong_1_bao_loc,phường,1_bao_loc,,2,68
24829,Phường B’Lao,phuong_blao,phường,blao,,2,68
24841,Phường 3 Bảo Lộc,phuong_3_bao_loc,phường,3_bao_loc,,2,68
24846,Phường Lang Biang - Đà Lạt,phuong_lang_biang_da_lat,phường,lang_biang_da_lat,,2,68
24848,Xã Lạc Dương,xa_lac_duong,xã,lac_duong,,2,68
24853,Xã Đam Rông 4,xa_dam_rong_4,xã,dam_rong_4,,2,68
24868,Xã Nam Ban Lâm Hà,xa_nam_ban_lam_ha,xã,nam_ban_lam_ha,,2,68
24871,Xã Đinh Văn Lâm Hà,xa_dinh_van_lam_ha,xã,dinh_van_lam_ha,,2,68
24875,Xã Đam Rông 3,xa_dam_rong_3,xã,dam_rong_3,,2,68
24877,Xã Đam Rông 2,xa_dam_rong_2,xã,dam_rong_2,,2,68
24883,Xã Nam Hà Lâm Hà,xa_nam_ha_lam_ha,xã,nam_ha_lam_ha,,2,68
24886,Xã Đam Rông 1,xa_dam_rong_1,xã,dam_rong_1,,2,68
24895,Xã Phú Sơn Lâm Hà,xa_phu_son_lam_ha,xã,phu_son_lam_ha,,2,68
24907,Xã Phúc Thọ Lâm Hà,xa_phuc_tho_lam_ha,xã,phuc_tho_lam_ha,,2,68
24916,Xã Tân Hà Lâm Hà,xa_tan_ha_lam_ha,xã,tan_ha_lam_ha,,2,68
24931,Xã Đơn Dương,xa_don_duong,xã,don_duong,,2,68
24934,Xã D’Ran,xa_dran,xã,dran,,2,68
24943,Xã Ka Đô,xa_ka_do,xã,ka_do,,2,68
24955,Xã Quảng Lập,xa_quang_lap,xã,quang_lap,,2,68
24958,Xã Đức Trọng,xa_duc_trong,xã,duc_trong,,2,68
24967,Xã Hiệp Thạnh,xa_hiep_thanh,xã,hiep_thanh,,2,68
24976,Xã Tân Hội,xa_tan_hoi,xã,tan_hoi,,2,68
24985,Xã Ninh Gia,xa_ninh_gia,xã,ninh_gia,,2,68
24988,Xã Tà Năng,xa_ta_nang,xã,ta_nang,,2,68
24991,Xã Tà Hine,xa_ta_hine,xã,ta_hine,,2,68
25000,Xã Di Linh,xa_di_linh,xã,di_linh,,2,68
25007,Xã Đinh Trang Thượng,xa_dinh_trang_thuong,xã,dinh_trang_thuong,,2,68
25015,Xã Gia Hiệp,xa_gia_hiep,xã,gia_hiep,,2,68
25018,Xã Bảo Thuận,xa_bao_thuan,xã,bao_thuan,,2,68
25036,Xã Hòa Ninh,xa_hoa_ninh,xã,hoa_ninh,,2,68
25042,Xã Hòa Bắc,xa_hoa_bac,xã,hoa_bac,,2,68
25051,Xã Sơn Điền,xa_son_dien,xã,son_dien,,2,68
25054,Xã Bảo Lâm 1,xa_bao_lam_1,xã,bao_lam_1,,2,68
25057,Xã Bảo Lâm 5,xa_bao_lam_5,xã,bao_lam_5,,2,68
25063,Xã Bảo Lâm 4,xa_bao_lam_4,xã,bao_lam_4,,2,68
25084,Xã Bảo Lâm 2,xa_bao_lam_2,xã,bao_lam_2,,2,68
25093,Xã Bảo Lâm 3,xa_bao_lam_3,xã,bao_lam_3,,2,68
25099,Xã Đạ Huoai,xa_da_huoai,xã,da_huoai,,2,68
25105,Xã Đạ Huoai 2,xa_da_huoai_2,xã,da_huoai_2,,2,68
25114,Xã Đạ Huoai 3,xa_da_huoai_3,xã,da_huoai_3,,2,68
25126,Xã Đạ Tẻh,xa_da_teh,xã,da_teh,,2,68
25135,Xã Đạ Tẻh 3,xa_da_teh_3,xã,da_teh_3,,2,68
25138,Xã Đạ Tẻh 2,xa_da_teh_2,xã,da_teh_2,,2,68
25159,Xã Cát Tiên,xa_cat_tien,xã,cat_tien,,2,68
25162,Xã Cát Tiên 3,xa_cat_tien_3,xã,cat_tien_3,,2,68
25180,Xã Cát Tiên 2,xa_cat_tien_2,xã,cat_tien_2,,2,68
75,Tỉnh Đồng Nai,dong_nai,tỉnh,,251,1,
25195,Phường Bình Phước,phuong_binh_phuoc,phường,binh_phuoc,,2,75
25210,Phường Đồng Xoài,phuong_dong_xoai,phường,dong_xoai,,2,75
25217,Phường Phước Long,phuong_phuoc_long,phường,phuoc_long,,2,75
25220,Phường Phước Bình,phuong_phuoc_binh,phường,phuoc_binh,,2,75
25222,Xã Bù Gia Mập,xa_bu_gia_map,xã,bu_gia_map,,2,75
25225,Xã Đăk Ơ,xa_dak_o,xã,dak_o,,2,75
25231,Xã Đa Kia,xa_da_kia,xã,da_kia,,2,75
25246,Xã Bình Tân,xa_binh_tan,xã,binh_tan,,2,75
25252,Xã Phú Riềng,xa_phu_rieng,xã,phu_rieng,,2,75
25255,Xã Long Hà,xa_long_ha,xã,long_ha,,2,75
25261,Xã Phú Trung,xa_phu_trung,xã,phu_trung,,2,75
25267,Xã Phú Nghĩa,xa_phu_nghia,xã,phu_nghia,,2,75
25270,Xã Lộc Ninh,xa_loc_ninh,xã,loc_ninh,,2,75
25279,Xã Lộc Tấn,xa_loc_tan,xã,loc_tan,,2,75
25280,Xã Lộc Thạnh,xa_loc_thanh,xã,loc_thanh,,2,75
25292,Xã Lộc Quang,xa_loc_quang,xã,loc_quang,,2,75
25294,Xã Lộc Thành,xa_loc_thanh,xã,loc_thanh,,2,75
25303,Xã Lộc Hưng,xa_loc_hung,xã,loc_hung,,2,75
25308,Xã Thiện Hưng,xa_thien_hung,xã,thien_hung,,2,75
25309,Xã Hưng Phước,xa_hung_phuoc,xã,hung_phuoc,,2,75
25318,Xã Tân Tiến,xa_tan_tien,xã,tan_tien,,2,75
25326,Phường Bình Long,phuong_binh_long,phường,binh_long,,2,75
25333,Phường An Lộc,phuong_an_loc,phường,an_loc,,2,75
25345,Xã Tân Hưng,xa_tan_hung,xã,tan_hung,,2,75
25349,Xã Minh Đức,xa_minh_duc,xã,minh_duc,,2,75
25351,Xã Tân Quan,xa_tan_quan,xã,tan_quan,,2,75
25357,Xã Tân Khai,xa_tan_khai,xã,tan_khai,,2,75
25363,Xã Đồng Phú,xa_dong_phu,xã,dong_phu,,2,75
25378,Xã Tân Lợi,xa_tan_loi,xã,tan_loi,,2,75
25387,Xã Thuận Lợi,xa_thuan_loi,xã,thuan_loi,,2,75
25390,Xã Đồng Tâm,xa_dong_tam,xã,dong_tam,,2,75
25396,Xã Bù Đăng,xa_bu_dang,xã,bu_dang,,2,75
25399,Xã Đak Nhau,xa_dak_nhau,xã,dak_nhau,,2,75
25402,Xã Thọ Sơn,xa_tho_son,xã,tho_son,,2,75
25405,Xã Bom Bo,xa_bom_bo,xã,bom_bo,,2,75
25417,Xã Nghĩa Trung,xa_nghia_trung,xã,nghia_trung,,2,75
25420,Xã Phước Sơn,xa_phuoc_son,xã,phuoc_son,,2,75
25432,Phường Chơn Thành,phuong_chon_thanh,phường,chon_thanh,,2,75
25441,Phường Minh Hưng,phuong_minh_hung,phường,minh_hung,,2,75
25450,Xã Nha Bích,xa_nha_bich,xã,nha_bich,,2,75
25993,Phường Trảng Dài,phuong_trang_dai,phường,trang_dai,,2,75
26005,Phường Hố Nai,phuong_ho_nai,phường,ho_nai,,2,75
26017,Phường Tam Hiệp,phuong_tam_hiep,phường,tam_hiep,,2,75
26020,Phường Long Bình,phuong_long_binh,phường,long_binh,,2,75
26041,Phường Trấn Biên,phuong_tran_bien,phường,tran_bien,,2,75
26068,Phường Biên Hòa,phuong_bien_hoa,phường,bien_hoa,,2,75
26080,Phường Long Khánh,phuong_long_khanh,phường,long_khanh,,2,75
26089,Phường Bình Lộc,phuong_binh_loc,phường,binh_loc,,2,75
26098,Phường Bảo Vinh,phuong_bao_vinh,phường,bao_vinh,,2,75
26104,Phường Xuân Lập,phuong_xuan_lap,phường,xuan_lap,,2,75
26113,Phường Hàng Gòn,phuong_hang_gon,phường,hang_gon,,2,75
26116,Xã Tân Phú,xa_tan_phu,xã,tan_phu,,2,75
26119,Xã Đak Lua,xa_dak_lua,xã,dak_lua,,2,75
26122,Xã Nam Cát Tiên,xa_nam_cat_tien,xã,nam_cat_tien,,2,75
26134,Xã Tà Lài,xa_ta_lai,xã,ta_lai,,2,75
26158,Xã Phú Lâm,xa_phu_lam,xã,phu_lam,,2,75
26170,Xã Trị An,xa_tri_an,xã,tri_an,,2,75
26173,Xã Phú Lý,xa_phu_ly,xã,phu_ly,,2,75
26179,Xã Tân An,xa_tan_an,xã,tan_an,,2,75
26188,Phường Tân Triều,phuong_tan_trieu,phường,tan_trieu,,2,75
26206,Xã Định Quán,xa_dinh_quan,xã,dinh_quan,,2,75
26209,Xã Thanh Sơn,xa_thanh_son,xã,thanh_son,,2,75
26215,Xã Phú Vinh,xa_phu_vinh,xã,phu_vinh,,2,75
26221,Xã Phú Hòa,xa_phu_hoa,xã,phu_hoa,,2,75
26227,Xã La Ngà,xa_la_nga,xã,la_nga,,2,75
26248,Xã Trảng Bom,xa_trang_bom,xã,trang_bom,,2,75
26254,Xã Bàu Hàm,xa_bau_ham,xã,bau_ham,,2,75
26278,Xã Bình Minh,xa_binh_minh,xã,binh_minh,,2,75
26281,Xã Hưng Thịnh,xa_hung_thinh,xã,hung_thinh,,2,75
26296,Xã An Viễn,xa_an_vien,xã,an_vien,,2,75
26299,Xã Thống Nhất,xa_thong_nhat,xã,thong_nhat,,2,75
26311,Xã Gia Kiệm,xa_gia_kiem,xã,gia_kiem,,2,75
26326,Xã Dầu Giây,xa_dau_giay,xã,dau_giay,,2,75
26332,Xã Xuân Quế,xa_xuan_que,xã,xuan_que,,2,75
26341,Xã Cẩm Mỹ,xa_cam_my,xã,cam_my,,2,75
26347,Xã Xuân Đường,xa_xuan_duong,xã,xuan_duong,,2,75
26359,Xã Xuân Đông,xa_xuan_dong,xã,xuan_dong,,2,75
26362,Xã Sông Ray,xa_song_ray,xã,song_ray,,2,75
26368,Xã Long Thành,xa_long_thanh,xã,long_thanh,,2,75
26374,Phường Tam Phước,phuong_tam_phuoc,phường,tam_phuoc,,2,75
26377,Phường Phước Tân,phuong_phuoc_tan,phường,phuoc_tan,,2,75
26380,Phường Long Hưng,phuong_long_hung,phường,long_hung,,2,75
26383,Xã An Phước,xa_an_phuoc,xã,an_phuoc,,2,75
26389,Xã Bình An,xa_binh_an,xã,binh_an,,2,75
26413,Xã Long Phước,xa_long_phuoc,xã,long_phuoc,,2,75
26422,Xã Phước Thái,xa_phuoc_thai,xã,phuoc_thai,,2,75
26425,Xã Xuân Lộc,xa_xuan_loc,xã,xuan_loc,,2,75
26428,Xã Xuân Bắc,xa_xuan_bac,xã,xuan_bac,,2,75
26434,Xã Xuân Thành,xa_xuan_thanh,xã,xuan_thanh,,2,75
26446,Xã Xuân Hòa,xa_xuan_hoa,xã,xuan_hoa,,2,75
26458,Xã Xuân Phú,xa_xuan_phu,xã,xuan_phu,,2,75
26461,Xã Xuân Định,xa_xuan_dinh,xã,xuan_dinh,,2,75
26485,Xã Nhơn Trạch,xa_nhon_trach,xã,nhon_trach,,2,75
26491,Xã Đại Phước,xa_dai_phuoc,xã,dai_phuoc,,2,75
26503,Xã Phước An,xa_phuoc_an,xã,phuoc_an,,2,75
79,Thành phố Hồ Chí Minh,ho_chi_minh,thành phố trung ương,,28,1,
25747,Phường Thủ Dầu Một,phuong_thu_dau_mot,phường,thu_dau_mot,,2,79
25750,Phường Phú Lợi,phuong_phu_loi,phường,phu_loi,,2,79
25760,Phường Bình Dương,phuong_binh_duong,phường,binh_duong,,2,79
25768,Phường Phú An,phuong_phu_an,phường,phu_an,,2,79
25771,Phường Chánh Hiệp,phuong_chanh_hiep,phường,chanh_hiep,,2,79
25777,Xã Dầu Tiếng,xa_dau_tieng,xã,dau_tieng,,2,79
25780,Xã Minh Thạnh,xa_minh_thanh,xã,minh_thanh,,2,79
25792,Xã Long Hòa,xa_long_hoa,xã,long_hoa,,2,79
25807,Xã Thanh An,xa_thanh_an,xã,thanh_an,,2,79
25813,Phường Bến Cát,phuong_ben_cat,phường,ben_cat,,2,79
25819,Xã Trừ Văn Thố,xa_tru_van_tho,xã,tru_van_tho,,2,79
25822,Xã Bàu Bàng,xa_bau_bang,xã,bau_bang,,2,79
25837,Phường Chánh Phú Hòa,phuong_chanh_phu_hoa,phường,chanh_phu_hoa,,2,79
25840,Phường Long Nguyên,phuong_long_nguyen,phường,long_nguyen,,2,79
25843,Phường Tây Nam,phuong_tay_nam,phường,tay_nam,,2,79
25846,Phường Thới Hòa,phuong_thoi_hoa,phường,thoi_hoa,,2,79
25849,Phường Hòa Lợi,phuong_hoa_loi,phường,hoa_loi,,2,79
25858,Xã Phú Giáo,xa_phu_giao,xã,phu_giao,,2,79
25864,Xã Phước Thành,xa_phuoc_thanh,xã,phuoc_thanh,,2,79
25867,Xã An Long,xa_an_long,xã,an_long,,2,79
25882,Xã Phước Hòa,xa_phuoc_hoa,xã,phuoc_hoa,,2,79
25888,Phường Tân Uyên,phuong_tan_uyen,phường,tan_uyen,,2,79
25891,Phường Tân Khánh,phuong_tan_khanh,phường,tan_khanh,,2,79
25906,Xã Bắc Tân Uyên,xa_bac_tan_uyen,xã,bac_tan_uyen,,2,79
25909,Xã Thường Tân,xa_thuong_tan,xã,thuong_tan,,2,79
25912,Phường Vĩnh Tân,phuong_vinh_tan,phường,vinh_tan,,2,79
25915,Phường Bình Cơ,phuong_binh_co,phường,binh_co,,2,79
25920,Phường Tân Hiệp,phuong_tan_hiep,phường,tan_hiep,,2,79
25942,Phường Dĩ An,phuong_di_an,phường,di_an,,2,79
25945,Phường Tân Đông Hiệp,phuong_tan_dong_hiep,phường,tan_dong_hiep,,2,79
25951,Phường Đông Hòa,phuong_dong_hoa,phường,dong_hoa,,2,79
25966,Phường Lái Thiêu,phuong_lai_thieu,phường,lai_thieu,,2,79
25969,Phường Thuận Giao,phuong_thuan_giao,phường,thuan_giao,,2,79
25975,Phường An Phú,phuong_an_phu,phường,an_phu,,2,79
25978,Phường Thuận An,phuong_thuan_an,phường,thuan_an,,2,79
25987,Phường Bình Hòa,phuong_binh_hoa,phường,binh_hoa,,2,79
26506,Phường Vũng Tàu,phuong_vung_tau,phường,vung_tau,,2,79
26526,Phường Tam Thắng,phuong_tam_thang,phường,tam_thang,,2,79
26536,Phường Rạch Dừa,phuong_rach_dua,phường,rach_dua,,2,79
26542,Phường Phước Thắng,phuong_phuoc_thang,phường,phuoc_thang,,2,79
26545,Xã Long Sơn,xa_long_son,xã,long_son,,2,79
26560,Phường Bà Rịa,phuong_ba_ria,phường,ba_ria,,2,79
26566,Phường Long Hương,phuong_long_huong,phường,long_huong,,2,79
26572,Phường Tam Long,phuong_tam_long,phường,tam_long,,2,79
26575,Xã Ngãi Giao,xa_ngai_giao,xã,ngai_giao,,2,79
26584,Xã Xuân Sơn,xa_xuan_son,xã,xuan_son,,2,79
26590,Xã Bình Giã,xa_binh_gia,xã,binh_gia,,2,79
26596,Xã Châu Đức,xa_chau_duc,xã,chau_duc,,2,79
26608,Xã Kim Long,xa_kim_long,xã,kim_long,,2,79
26617,Xã Nghĩa Thành,xa_nghia_thanh,xã,nghia_thanh,,2,79
26620,Xã Hồ Tràm,xa_ho_tram,xã,ho_tram,,2,79
26632,Xã Xuyên Mộc,xa_xuyen_moc,xã,xuyen_moc,,2,79
26638,Xã Bàu Lâm,xa_bau_lam,xã,bau_lam,,2,79
26641,Xã Hòa Hội,xa_hoa_hoi,xã,hoa_hoi,,2,79
26647,Xã Hòa Hiệp,xa_hoa_hiep,xã,hoa_hiep,,2,79
26656,Xã Bình Châu,xa_binh_chau,xã,binh_chau,,2,79
26659,Xã Long Điền,xa_long_dien,xã,long_dien,,2,79
26662,Xã Long Hải,xa_long_hai,xã,long_hai,,2,79
26680,Xã Đất Đỏ,xa_dat_do,xã,dat_do,,2,79
26686,Xã Phước Hải,xa_phuoc_hai,xã,phuoc_hai,,2,79
26704,Phường Phú Mỹ,phuong_phu_my,phường,phu_my,,2,79
26710,Phường Tân Hải,phuong_tan_hai,phường,tan_hai,,2,79
26713,Phường Tân Phước,phuong_tan_phuoc,phường,tan_phuoc,,2,79
26725,Phường Tân Thành,phuong_tan_thanh,phường,tan_thanh,,2,79
26728,Xã Châu Pha,xa_chau_pha,xã,chau_pha,,2,79
26732,Đặc khu Côn Đảo,dac_khu_con_dao,đặc khu,con_dao,,2,79
26737,Phường Tân Định,phuong_tan_dinh,phường,tan_dinh,,2,79
26740,Phường Sài Gòn,phuong_sai_gon,phường,sai_gon,,2,79
26743,Phường Bến Thành,phuong_ben_thanh,phường,ben_thanh,,2,79
26758,Phường Cầu Ông Lãnh,phuong_cau_ong_lanh,phường,cau_ong_lanh,,2,79
26767,Phường An Phú Đông,phuong_an_phu_dong,phường,an_phu_dong,,2,79
26773,Phường Thới An,phuong_thoi_an,phường,thoi_an,,2,79
26782,Phường Tân Thới Hiệp,phuong_tan_thoi_hiep,phường,tan_thoi_hiep,,2,79
26785,Phường Trung Mỹ Tây,phuong_trung_my_tay,phường,trung_my_tay,,2,79
26791,Phường Đông Hưng Thuận,phuong_dong_hung_thuan,phường,dong_hung_thuan,,2,79
26800,Phường Linh Xuân,phuong_linh_xuan,phường,linh_xuan,,2,79
26803,Phường Tam Bình,phuong_tam_binh,phường,tam_binh,,2,79
26809,Phường Hiệp Bình,phuong_hiep_binh,phường,hiep_binh,,2,79
26824,Phường Thủ Đức,phuong_thu_duc,phường,thu_duc,,2,79
26833,Phường Long Bình,phuong_long_binh,phường,long_binh,,2,79
26842,Phường Tăng Nhơn Phú,phuong_tang_nhon_phu,phường,tang_nhon_phu,,2,79
26848,Phường Phước Long,phuong_phuoc_long,phường,phuoc_long,,2,79
26857,Phường Long Phước,phuong_long_phuoc,phường,long_phuoc,,2,79
26860,Phường Long Trường,phuong_long_truong,phường,long_truong,,2,79
26876,Phường An Nhơn,phuong_an_nhon,phường,an_nhon,,2,79
26878,Phường An Hội Đông,phuong_an_hoi_dong,phường,an_hoi_dong,,2,79
26882,Phường An Hội Tây,phuong_an_hoi_tay,phường,an_hoi_tay,,2,79
26884,Phường Gò Vấp,phuong_go_vap,phường,go_vap,,2,79
26890,Phường Hạnh Thông,phuong_hanh_thong,phường,hanh_thong,,2,79
26898,Phường Thông Tây Hội,phuong_thong_tay_hoi,phường,thong_tay_hoi,,2,79
26905,Phường Bình Lợi Trung,phuong_binh_loi_trung,phường,binh_loi_trung,,2,79
26911,Phường Bình Quới,phuong_binh_quoi,phường,binh_quoi,,2,79
26929,Phường Bình Thạnh,phuong_binh_thanh,phường,binh_thanh,,2,79
26944,Phường Gia Định,phuong_gia_dinh,phường,gia_dinh,,2,79
26956,Phường Thạnh Mỹ Tây,phuong_thanh_my_tay,phường,thanh_my_tay,,2,79
26968,Phường Tân Sơn Nhất,phuong_tan_son_nhat,phường,tan_son_nhat,,2,79
26977,Phường Tân Sơn Hòa,phuong_tan_son_hoa,phường,tan_son_hoa,,2,79
26983,Phường Bảy Hiền,phuong_bay_hien,phường,bay_hien,,2,79
26995,Phường Tân Hòa,phuong_tan_hoa,phường,tan_hoa,,2,79
27004,Phường Tân Bình,phuong_tan_binh,phường,tan_binh,,2,79
27007,Phường Tân Sơn,phuong_tan_son,phường,tan_son,,2,79
27013,Phường Tây Thạnh,phuong_tay_thanh,phường,tay_thanh,,2,79
27019,Phường Tân Sơn Nhì,phuong_tan_son_nhi,phường,tan_son_nhi,,2,79
27022,Phường Phú Thọ Hòa,phuong_phu_tho_hoa,phường,phu_tho_hoa,,2,79
27028,Phường Phú Thạnh,phuong_phu_thanh,phường,phu_thanh,,2,79
27031,Phường Tân Phú,phuong_tan_phu,phường,tan_phu,,2,79
27043,Phường Đức Nhuận,phuong_duc_nhuan,phường,duc_nhuan,,2,79
27058,Phường Cầu Kiệu,phuong_cau_kieu,phường,cau_kieu,,2,79
27073,Phường Phú Nhuận,phuong_phu_nhuan,phường,phu_nhuan,,2,79
27094,Phường An Khánh,phuong_an_khanh,phường,an_khanh,,2,79
27097,Phường Bình Trưng,phuong_binh_trung,phường,binh_trung,,2,79
27112,Phường Cát Lái,phuong_cat_lai,phường,cat_lai,,2,79
27139,Phường Xuân Hòa,phuong_xuan_hoa,phường,xuan_hoa,,2,79
27142,Phường Nhiêu Lộc,phuong_nhieu_loc,phường,nhieu_loc,,2,79
27154,Phường Bàn Cờ,phuong_ban_co,phường,ban_co,,2,79
27163,Phường Hòa Hưng,phuong_hoa_hung,phường,hoa_hung,,2,79
27169,Phường Diên Hồng,phuong_dien_hong,phường,dien_hong,,2,79
27190,Phường Vườn Lài,phuong_vuon_lai,phường,vuon_lai,,2,79
27211,Phường Hòa Bình,phuong_hoa_binh,phường,hoa_binh,,2,79
27226,Phường Phú Thọ,phuong_phu_tho,phường,phu_tho,,2,79
27232,Phường Bình Thới,phuong_binh_thoi,phường,binh_thoi,,2,79
27238,Phường Minh Phụng,phuong_minh_phung,phường,minh_phung,,2,79
27259,Phường Xóm Chiếu,phuong_xom_chieu,phường,xom_chieu,,2,79
27265,Phường Khánh Hội,phuong_khanh_hoi,phường,khanh_hoi,,2,79
27286,Phường Vĩnh Hội,phuong_vinh_hoi,phường,vinh_hoi,,2,79
27301,Phường Chợ Quán,phuong_cho_quan,phường,cho_quan,,2,79
27316,Phường An Đông,phuong_an_dong,phường,an_dong,,2,79
27343,Phường Chợ Lớn,phuong_cho_lon,phường,cho_lon,,2,79
27349,Phường Phú Lâm,phuong_phu_lam,phường,phu_lam,,2,79
27364,Phường Bình Phú,phuong_binh_phu,phường,binh_phu,,2,79
27367,Phường Bình Tây,phuong_binh_tay,phường,binh_tay,,2,79
27373,Phường Bình Tiên,phuong_binh_tien,phường,binh_tien,,2,79
27418,Phường Chánh Hưng,phuong_chanh_hung,phường,chanh_hung,,2,79
27424,Phường Bình Đông,phuong_binh_dong,phường,binh_dong,,2,79
27427,Phường Phú Định,phuong_phu_dinh,phường,phu_dinh,,2,79
27439,Phường Bình Hưng Hòa,phuong_binh_hung_hoa,phường,binh_hung_hoa,,2,79
27442,Phường Bình Tân,phuong_binh_tan,phường,binh_tan,,2,79
27448,Phường Bình Trị Đông,phuong_binh_tri_dong,phường,binh_tri_dong,,2,79
27457,Phường Tân Tạo,phuong_tan_tao,phường,tan_tao,,2,79
27460,Phường An Lạc,phuong_an_lac,phường,an_lac,,2,79
27475,Phường Tân Hưng,phuong_tan_hung,phường,tan_hung,,2,79
27478,Phường Tân Thuận,phuong_tan_thuan,phường,tan_thuan,,2,79
27484,Phường Phú Thuận,phuong_phu_thuan,phường,phu_thuan,,2,79
27487,Phường Tân Mỹ,phuong_tan_my,phường,tan_my,,2,79
27496,Xã Tân An Hội,xa_tan_an_hoi,xã,tan_an_hoi,,2,79
27508,Xã An Nhơn Tây,xa_an_nhon_tay,xã,an_nhon_tay,,2,79
27511,Xã Nhuận Đức,xa_nhuan_duc,xã,nhuan_duc,,2,79
27526,Xã Thái Mỹ,xa_thai_my,xã,thai_my,,2,79
27541,Xã Phú Hòa Đông,xa_phu_hoa_dong,xã,phu_hoa_dong,,2,79
27544,Xã Bình Mỹ,xa_binh_my,xã,binh_my,,2,79
27553,Xã Củ Chi,xa_cu_chi,xã,cu_chi,,2,79
27559,Xã Hóc Môn,xa_hoc_mon,xã,hoc_mon,,2,79
27568,Xã Đông Thạnh,xa_dong_thanh,xã,dong_thanh,,2,79
27577,Xã Xuân Thới Sơn,xa_xuan_thoi_son,xã,xuan_thoi_son,,2,79
27592,Xã Bà Điểm,xa_ba_diem,xã,ba_diem,,2,79
27595,Xã Tân Nhựt,xa_tan_nhut,xã,tan_nhut,,2,79
27601,Xã Vĩnh Lộc,xa_vinh_loc,xã,vinh_loc,,2,79
27604,Xã Tân Vĩnh Lộc,xa_tan_vinh_loc,xã,tan_vinh_loc,,2,79
27610,Xã Bình Lợi,xa_binh_loi,xã,binh_loi,,2,79
27619,Xã Bình Hưng,xa_binh_hung,xã,binh_hung,,2,79
27628,Xã Hưng Long,xa_hung_long,xã,hung_long,,2,79
27637,Xã Bình Chánh,xa_binh_chanh,xã,binh_chanh,,2,79
27655,Xã Nhà Bè,xa_nha_be,xã,nha_be,,2,79
27658,Xã Hiệp Phước,xa_hiep_phuoc,xã,hiep_phuoc,,2,79
27664,Xã Cần Giờ,xa_can_gio,xã,can_gio,,2,79
27667,Xã Bình Khánh,xa_binh_khanh,xã,binh_khanh,,2,79
27673,Xã An Thới Đông,xa_an_thoi_dong,xã,an_thoi_dong,,2,79
27676,Xã Thạnh An,xa_thanh_an,xã,thanh_an,,2,79
80,Tỉnh Tây Ninh,tay_ninh,tỉnh,,276,1,
25459,Phường Tân Ninh,phuong_tan_ninh,phường,tan_ninh,,2,80
25480,Phường Bình Minh,phuong_binh_minh,phường,binh_minh,,2,80
25486,Xã Tân Biên,xa_tan_bien,xã,tan_bien,,2,80
25489,Xã Tân Lập,xa_tan_lap,xã,tan_lap,,2,80
25498,Xã Thạnh Bình,xa_thanh_binh,xã,thanh_binh,,2,80
25510,Xã Trà Vong,xa_tra_vong,xã,tra_vong,,2,80
25516,Xã Tân Châu,xa_tan_chau,xã,tan_chau,,2,80
25522,Xã Tân Đông,xa_tan_dong,xã,tan_dong,,2,80
25525,Xã Tân Hội,xa_tan_hoi,xã,tan_hoi,,2,80
25531,Xã Tân Hòa,xa_tan_hoa,xã,tan_hoa,,2,80
25534,Xã Tân Thành,xa_tan_thanh,xã,tan_thanh,,2,80
25549,Xã Tân Phú,xa_tan_phu,xã,tan_phu,,2,80
25552,Xã Dương Minh Châu,xa_duong_minh_chau,xã,duong_minh_chau,,2,80
25567,Phường Ninh Thạnh,phuong_ninh_thanh,phường,ninh_thanh,,2,80
25573,Xã Cầu Khởi,xa_cau_khoi,xã,cau_khoi,,2,80
25579,Xã Lộc Ninh,xa_loc_ninh,xã,loc_ninh,,2,80
25585,Xã Châu Thành,xa_chau_thanh,xã,chau_thanh,,2,80
25588,Xã Hảo Đước,xa_hao_duoc,xã,hao_duoc,,2,80
25591,Xã Phước Vinh,xa_phuoc_vinh,xã,phuoc_vinh,,2,80
25606,Xã Hòa Hội,xa_hoa_hoi,xã,hoa_hoi,,2,80
25621,Xã Ninh Điền,xa_ninh_dien,xã,ninh_dien,,2,80
25630,Phường Long Hoa,phuong_long_hoa,phường,long_hoa,,2,80
25633,Phường Thanh Điền,phuong_thanh_dien,phường,thanh_dien,,2,80
25645,Phường Hòa Thành,phuong_hoa_thanh,phường,hoa_thanh,,2,80
25654,Phường Gò Dầu,phuong_go_dau,phường,go_dau,,2,80
25657,Xã Thạnh Đức,xa_thanh_duc,xã,thanh_duc,,2,80
25663,Xã Phước Thạnh,xa_phuoc_thanh,xã,phuoc_thanh,,2,80
25666,Xã Truông Mít,xa_truong_mit,xã,truong_mit,,2,80
25672,Phường Gia Lộc,phuong_gia_loc,phường,gia_loc,,2,80
25681,Xã Bến Cầu,xa_ben_cau,xã,ben_cau,,2,80
25684,Xã Long Chữ,xa_long_chu,xã,long_chu,,2,80
25702,Xã Long Thuận,xa_long_thuan,xã,long_thuan,,2,80
25708,Phường Trảng Bàng,phuong_trang_bang,phường,trang_bang,,2,80
25711,Xã Hưng Thuận,xa_hung_thuan,xã,hung_thuan,,2,80
25729,Xã Phước Chỉ,xa_phuoc_chi,xã,phuoc_chi,,2,80
25732,Phường An Tịnh,phuong_an_tinh,phường,an_tinh,,2,80
27694,Phường Long An,phuong_long_an,phường,long_an,,2,80
27712,Phường Tân An,phuong_tan_an,phường,tan_an,,2,80
27715,Phường Khánh Hậu,phuong_khanh_hau,phường,khanh_hau,,2,80
27721,Xã Tân Hưng,xa_tan_hung,xã,tan_hung,,2,80
27727,Xã Hưng Điền,xa_hung_dien,xã,hung_dien,,2,80
27736,Xã Vĩnh Thạnh,xa_vinh_thanh,xã,vinh_thanh,,2,80
27748,Xã Vĩnh Châu,xa_vinh_chau,xã,vinh_chau,,2,80
27757,Xã Vĩnh Hưng,xa_vinh_hung,xã,vinh_hung,,2,80
27763,Xã Khánh Hưng,xa_khanh_hung,xã,khanh_hung,,2,80
27775,Xã Tuyên Bình,xa_tuyen_binh,xã,tuyen_binh,,2,80
27787,Phường Kiến Tường,phuong_kien_tuong,phường,kien_tuong,,2,80
27793,Xã Bình Hiệp,xa_binh_hiep,xã,binh_hiep,,2,80
27811,Xã Bình Hòa,xa_binh_hoa,xã,binh_hoa,,2,80
27817,Xã Tuyên Thạnh,xa_tuyen_thanh,xã,tuyen_thanh,,2,80
27823,Xã Mộc Hóa,xa_moc_hoa,xã,moc_hoa,,2,80
27826,Xã Tân Thạnh,xa_tan_thanh,xã,tan_thanh,,2,80
27838,Xã Nhơn Hòa Lập,xa_nhon_hoa_lap,xã,nhon_hoa_lap,,2,80
27841,Xã Hậu Thạnh,xa_hau_thanh,xã,hau_thanh,,2,80
27856,Xã Nhơn Ninh,xa_nhon_ninh,xã,nhon_ninh,,2,80
27865,Xã Thạnh Hóa,xa_thanh_hoa,xã,thanh_hoa,,2,80
27868,Xã Bình Thành,xa_binh_thanh,xã,binh_thanh,,2,80
27877,Xã Thạnh Phước,xa_thanh_phuoc,xã,thanh_phuoc,,2,80
27889,Xã Tân Tây,xa_tan_tay,xã,tan_tay,,2,80
27898,Xã Đông Thành,xa_dong_thanh,xã,dong_thanh,,2,80
27907,Xã Mỹ Quý,xa_my_quy,xã,my_quy,,2,80
27925,Xã Đức Huệ,xa_duc_hue,xã,duc_hue,,2,80
27931,Xã Hậu Nghĩa,xa_hau_nghia,xã,hau_nghia,,2,80
27937,Xã Đức Hòa,xa_duc_hoa,xã,duc_hoa,,2,80
27943,Xã An Ninh,xa_an_ninh,xã,an_ninh,,2,80
27952,Xã Hiệp Hòa,xa_hiep_hoa,xã,hiep_hoa,,2,80
27964,Xã Đức Lập,xa_duc_lap,xã,duc_lap,,2,80
27976,Xã Mỹ Hạnh,xa_my_hanh,xã,my_hanh,,2,80
27979,Xã Hòa Khánh,xa_hoa_khanh,xã,hoa_khanh,,2,80
27991,Xã Bến Lức,xa_ben_luc,xã,ben_luc,,2,80
27994,Xã Thạnh Lợi,xa_thanh_loi,xã,thanh_loi,,2,80
28003,Xã Lương Hòa,xa_luong_hoa,xã,luong_hoa,,2,80
28015,Xã Bình Đức,xa_binh_duc,xã,binh_duc,,2,80
28018,Xã Mỹ Yên,xa_my_yen,xã,my_yen,,2,80
28036,Xã Thủ Thừa,xa_thu_thua,xã,thu_thua,,2,80
28051,Xã Mỹ Thạnh,xa_my_thanh,xã,my_thanh,,2,80
28066,Xã Mỹ An,xa_my_an,xã,my_an,,2,80
28072,Xã Tân Long,xa_tan_long,xã,tan_long,,2,80
28075,Xã Tân Trụ,xa_tan_tru,xã,tan_tru,,2,80
28087,Xã Nhựt Tảo,xa_nhut_tao,xã,nhut_tao,,2,80
28093,Xã Vàm Cỏ,xa_vam_co,xã,vam_co,,2,80
28108,Xã Cần Đước,xa_can_duoc,xã,can_duoc,,2,80
28114,Xã Rạch Kiến,xa_rach_kien,xã,rach_kien,,2,80
28126,Xã Long Cang,xa_long_cang,xã,long_cang,,2,80
28132,Xã Mỹ Lệ,xa_my_le,xã,my_le,,2,80
28138,Xã Tân Lân,xa_tan_lan,xã,tan_lan,,2,80
28144,Xã Long Hựu,xa_long_huu,xã,long_huu,,2,80
28159,Xã Cần Giuộc,xa_can_giuoc,xã,can_giuoc,,2,80
28165,Xã Phước Lý,xa_phuoc_ly,xã,phuoc_ly,,2,80
28177,Xã Mỹ Lộc,xa_my_loc,xã,my_loc,,2,80
28201,Xã Phước Vĩnh Tây,xa_phuoc_vinh_tay,xã,phuoc_vinh_tay,,2,80
28207,Xã Tân Tập,xa_tan_tap,xã,tan_tap,,2,80
28210,Xã Tầm Vu,xa_tam_vu,xã,tam_vu,,2,80
28222,Xã Vĩnh Công,xa_vinh_cong,xã,vinh_cong,,2,80
28225,Xã Thuận Mỹ,xa_thuan_my,xã,thuan_my,,2,80
28243,Xã An Lục Long,xa_an_luc_long,xã,an_luc_long,,2,80
82,Tỉnh Đồng Tháp,dong_thap,tỉnh,,277,1,
28249,Phường Đạo Thạnh,phuong_dao_thanh,phường,dao_thanh,,2,82
28261,Phường Mỹ Tho,phuong_my_tho,phường,my_tho,,2,82
28270,Phường Thới Sơn,phuong_thoi_son,phường,thoi_son,,2,82
28273,Phường Mỹ Phong,phuong_my_phong,phường,my_phong,,2,82
28285,Phường Trung An,phuong_trung_an,phường,trung_an,,2,82
28297,Phường Long Thuận,phuong_long_thuan,phường,long_thuan,,2,82
28306,Phường Gò Công,phuong_go_cong,phường,go_cong,,2,82
28315,Phường Bình Xuân,phuong_binh_xuan,phường,binh_xuan,,2,82
28321,Xã Tân Phước 1,xa_tan_phuoc_1,xã,tan_phuoc_1,,2,82
28327,Xã Tân Phước 2,xa_tan_phuoc_2,xã,tan_phuoc_2,,2,82
28336,Xã Hưng Thạnh,xa_hung_thanh,xã,hung_thanh,,2,82
28345,Xã Tân Phước 3,xa_tan_phuoc_3,xã,tan_phuoc_3,,2,82
28360,Xã Cái Bè,xa_cai_be,xã,cai_be,,2,82
28366,Xã Hậu Mỹ,xa_hau_my,xã,hau_my,,2,82
28378,Xã Mỹ Thiện,xa_my_thien,xã,my_thien,,2,82
28393,Xã Hội Cư,xa_hoi_cu,xã,hoi_cu,,2,82
28405,Xã Mỹ Đức Tây,xa_my_duc_tay,xã,my_duc_tay,,2,82
28414,Xã Mỹ Lợi,xa_my_loi,xã,my_loi,,2,82
28426,Xã Thanh Hưng,xa_thanh_hung,xã,thanh_hung,,2,82
28429,Xã An Hữu,xa_an_huu,xã,an_huu,,2,82
28435,Phường Mỹ Phước Tây,phuong_my_phuoc_tay,phường,my_phuoc_tay,,2,82
28436,Phường Thanh Hòa,phuong_thanh_hoa,phường,thanh_hoa,,2,82
28439,Phường Cai Lậy,phuong_cai_lay,phường,cai_lay,,2,82
28444,Xã Thạnh Phú,xa_thanh_phu,xã,thanh_phu,,2,82
28456,Xã Mỹ Thành,xa_my_thanh,xã,my_thanh,,2,82
28468,Xã Tân Phú,xa_tan_phu,xã,tan_phu,,2,82
28471,Xã Bình Phú,xa_binh_phu,xã,binh_phu,,2,82
28477,Phường Nhị Quý,phuong_nhi_quy,phường,nhi_quy,,2,82
28501,Xã Hiệp Đức,xa_hiep_duc,xã,hiep_duc,,2,82
28504,Xã Long Tiên,xa_long_tien,xã,long_tien,,2,82
28516,Xã Ngũ Hiệp,xa_ngu_hiep,xã,ngu_hiep,,2,82
28519,Xã Châu Thành,xa_chau_thanh,xã,chau_thanh,,2,82
28525,Xã Tân Hương,xa_tan_huong,xã,tan_huong,,2,82
28537,Xã Long Hưng,xa_long_hung,xã,long_hung,,2,82
28543,Xã Long Định,xa_long_dinh,xã,long_dinh,,2,82
28564,Xã Bình Trưng,xa_binh_trung,xã,binh_trung,,2,82
28576,Xã Vĩnh Kim,xa_vinh_kim,xã,vinh_kim,,2,82
28582,Xã Kim Sơn,xa_kim_son,xã,kim_son,,2,82
28594,Xã Chợ Gạo,xa_cho_gao,xã,cho_gao,,2,82
28603,Xã Mỹ Tịnh An,xa_my_tinh_an,xã,my_tinh_an,,2,82
28615,Xã Lương Hòa Lạc,xa_luong_hoa_lac,xã,luong_hoa_lac,,2,82
28627,Xã Tân Thuận Bình,xa_tan_thuan_binh,xã,tan_thuan_binh,,2,82
28633,Xã An Thạnh Thủy,xa_an_thanh_thuy,xã,an_thanh_thuy,,2,82
28648,Xã Bình Ninh,xa_binh_ninh,xã,binh_ninh,,2,82
28651,Xã Vĩnh Bình,xa_vinh_binh,xã,vinh_binh,,2,82
28660,Xã Đồng Sơn,xa_dong_son,xã,dong_son,,2,82
28663,Xã Phú Thành,xa_phu_thanh,xã,phu_thanh,,2,82
28678,Xã Vĩnh Hựu,xa_vinh_huu,xã,vinh_huu,,2,82
28687,Xã Long Bình,xa_long_binh,xã,long_binh,,2,82
28693,Xã Tân Thới,xa_tan_thoi,xã,tan_thoi,,2,82
28696,Xã Tân Phú Đông,xa_tan_phu_dong,xã,tan_phu_dong,,2,82
28702,Xã Tân Hòa,xa_tan_hoa,xã,tan_hoa,,2,82
28720,Xã Gia Thuận,xa_gia_thuan,xã,gia_thuan,,2,82
28723,Xã Tân Đông,xa_tan_dong,xã,tan_dong,,2,82
28729,Phường Sơn Qui,phuong_son_qui,phường,son_qui,,2,82
28738,Xã Tân Điền,xa_tan_dien,xã,tan_dien,,2,82
28747,Xã Gò Công Đông,xa_go_cong_dong,xã,go_cong_dong,,2,82
29869,Phường Cao Lãnh,phuong_cao_lanh,phường,cao_lanh,,2,82
29884,Phường Mỹ Ngãi,phuong_my_ngai,phường,my_ngai,,2,82
29888,Phường Mỹ Trà,phuong_my_tra,phường,my_tra,,2,82
29905,Phường Sa Đéc,phuong_sa_dec,phường,sa_dec,,2,82
29926,Xã Tân Hồng,xa_tan_hong,xã,tan_hong,,2,82
29929,Xã Tân Hộ Cơ,xa_tan_ho_co,xã,tan_ho_co,,2,82
29938,Xã Tân Thành,xa_tan_thanh,xã,tan_thanh,,2,82
29944,Xã An Phước,xa_an_phuoc,xã,an_phuoc,,2,82
29954,Phường An Bình,phuong_an_binh,phường,an_binh,,2,82
29955,Phường Hồng Ngự,phuong_hong_ngu,phường,hong_ngu,,2,82
29971,Xã Thường Phước,xa_thuong_phuoc,xã,thuong_phuoc,,2,82
29978,Phường Thường Lạc,phuong_thuong_lac,phường,thuong_lac,,2,82
29983,Xã Long Khánh,xa_long_khanh,xã,long_khanh,,2,82
29992,Xã Long Phú Thuận,xa_long_phu_thuan,xã,long_phu_thuan,,2,82
30001,Xã Tràm Chim,xa_tram_chim,xã,tram_chim,,2,82
30010,Xã Tam Nông,xa_tam_nong,xã,tam_nong,,2,82
30019,Xã An Hòa,xa_an_hoa,xã,an_hoa,,2,82
30025,Xã Phú Cường,xa_phu_cuong,xã,phu_cuong,,2,82
30028,Xã An Long,xa_an_long,xã,an_long,,2,82
30034,Xã Phú Thọ,xa_phu_tho,xã,phu_tho,,2,82
30037,Xã Tháp Mười,xa_thap_muoi,xã,thap_muoi,,2,82
30043,Xã Phương Thịnh,xa_phuong_thinh,xã,thinh,,2,82
30046,Xã Trường Xuân,xa_truong_xuan,xã,truong_xuan,,2,82
30055,Xã Mỹ Quí,xa_my_qui,xã,my_qui,,2,82
30061,Xã Đốc Binh Kiều,xa_doc_binh_kieu,xã,doc_binh_kieu,,2,82
30073,Xã Thanh Mỹ,xa_thanh_my,xã,thanh_my,,2,82
30076,Xã Mỹ Thọ,xa_my_tho,xã,my_tho,,2,82
30085,Xã Ba Sao,xa_ba_sao,xã,ba_sao,,2,82
30088,Xã Phong Mỹ,xa_phong_my,xã,phong_my,,2,82
30112,Xã Mỹ Hiệp,xa_my_hiep,xã,my_hiep,,2,82
30118,Xã Bình Hàng Trung,xa_binh_hang_trung,xã,binh_hang_trung,,2,82
30130,Xã Thanh Bình,xa_thanh_binh,xã,thanh_binh,,2,82
30154,Xã Tân Long,xa_tan_long,xã,tan_long,,2,82
30157,Xã Tân Thạnh,xa_tan_thanh,xã,tan_thanh,,2,82
30163,Xã Bình Thành,xa_binh_thanh,xã,binh_thanh,,2,82
30169,Xã Lấp Vò,xa_lap_vo,xã,lap_vo,,2,82
30178,Xã Mỹ An Hưng,xa_my_an_hung,xã,my_an_hung,,2,82
30184,Xã Tân Khánh Trung,xa_tan_khanh_trung,xã,tan_khanh_trung,,2,82
30208,Xã Hòa Long,xa_hoa_long,xã,hoa_long,,2,82
30214,Xã Tân Dương,xa_tan_duong,xã,tan_duong,,2,82
30226,Xã Lai Vung,xa_lai_vung,xã,lai_vung,,2,82
30235,Xã Phong Hòa,xa_phong_hoa,xã,phong_hoa,,2,82
30244,Xã Phú Hựu,xa_phu_huu,xã,phu_huu,,2,82
30253,Xã Tân Nhuận Đông,xa_tan_nhuan_dong,xã,tan_nhuan_dong,,2,82
30259,Xã Tân Phú Trung,xa_tan_phu_trung,xã,tan_phu_trung,,2,82
86,Tỉnh Vĩnh Long,vinh_long,tỉnh,,270,1,
28756,Phường Phú Khương,phuong_phu_khuong,phường,phu_khuong,,2,86
28777,Phường An Hội,phuong_an_hoi,phường,an_hoi,,2,86
28783,Phường Sơn Đông,phuong_son_dong,phường,son_dong,,2,86
28789,Phường Bến Tre,phuong_ben_tre,phường,ben_tre,,2,86
28807,Xã Giao Long,xa_giao_long,xã,giao_long,,2,86
28810,Xã Phú Túc,xa_phu_tuc,xã,phu_tuc,,2,86
28840,Xã Tân Phú,xa_tan_phu,xã,tan_phu,,2,86
28858,Phường Phú Tân,phuong_phu_tan,phường,phu_tan,,2,86
28861,Xã Tiên Thủy,xa_tien_thuy,xã,tien_thuy,,2,86
28870,Xã Chợ Lách,xa_cho_lach,xã,cho_lach,,2,86
28879,Xã Phú Phụng,xa_phu_phung,xã,phu_phung,,2,86
28894,Xã Vĩnh Thành,xa_vinh_thanh,xã,vinh_thanh,,2,86
28901,Xã Hưng Khánh Trung,xa_hung_khanh_trung,xã,hung_khanh_trung,,2,86
28903,Xã Mỏ Cày,xa_mo_cay,xã,mo_cay,,2,86
28915,Xã Phước Mỹ Trung,xa_phuoc_my_trung,xã,phuoc_my_trung,,2,86
28921,Xã Tân Thành Bình,xa_tan_thanh_binh,xã,tan_thanh_binh,,2,86
28945,Xã Đồng Khởi,xa_dong_khoi,xã,dong_khoi,,2,86
28948,Xã Nhuận Phú Tân,xa_nhuan_phu_tan,xã,nhuan_phu_tan,,2,86
28957,Xã An Định,xa_an_dinh,xã,an_dinh,,2,86
28969,Xã Thành Thới,xa_thanh_thoi,xã,thanh_thoi,,2,86
28981,Xã Hương Mỹ,xa_huong_my,xã,huong_my,,2,86
28984,Xã Giồng Trôm,xa_giong_trom,xã,giong_trom,,2,86
28987,Xã Lương Hòa,xa_luong_hoa,xã,luong_hoa,,2,86
28993,Xã Lương Phú,xa_luong_phu,xã,luong_phu,,2,86
28996,Xã Châu Hòa,xa_chau_hoa,xã,chau_hoa,,2,86
29020,Xã Phước Long,xa_phuoc_long,xã,phuoc_long,,2,86
29029,Xã Tân Hào,xa_tan_hao,xã,tan_hao,,2,86
29044,Xã Hưng Nhượng,xa_hung_nhuong,xã,hung_nhuong,,2,86
29050,Xã Bình Đại,xa_binh_dai,xã,binh_dai,,2,86
29062,Xã Phú Thuận,xa_phu_thuan,xã,phu_thuan,,2,86
29077,Xã Lộc Thuận,xa_loc_thuan,xã,loc_thuan,,2,86
29083,Xã Châu Hưng,xa_chau_hung,xã,chau_hung,,2,86
29089,Xã Thạnh Trị,xa_thanh_tri,xã,thanh_tri,,2,86
29104,Xã Thạnh Phước,xa_thanh_phuoc,xã,thanh_phuoc,,2,86
29107,Xã Thới Thuận,xa_thoi_thuan,xã,thoi_thuan,,2,86
29110,Xã Ba Tri,xa_ba_tri,xã,ba_tri,,2,86
29122,Xã Mỹ Chánh Hòa,xa_my_chanh_hoa,xã,my_chanh_hoa,,2,86
29125,Xã Bảo Thạnh,xa_bao_thanh,xã,bao_thanh,,2,86
29137,Xã Tân Xuân,xa_tan_xuan,xã,tan_xuan,,2,86
29143,Xã An Ngãi Trung,xa_an_ngai_trung,xã,an_ngai_trung,,2,86
29158,Xã An Hiệp,xa_an_hiep,xã,an_hiep,,2,86
29167,Xã Tân Thủy,xa_tan_thuy,xã,tan_thuy,,2,86
29182,Xã Thạnh Phú,xa_thanh_phu,xã,thanh_phu,,2,86
29191,Xã Quới Điền,xa_quoi_dien,xã,quoi_dien,,2,86
29194,Xã Đại Điền,xa_dai_dien,xã,dai_dien,,2,86
29221,Xã Thạnh Hải,xa_thanh_hai,xã,thanh_hai,,2,86
29224,Xã An Qui,xa_an_qui,xã,an_qui,,2,86
29227,Xã Thạnh Phong,xa_thanh_phong,xã,thanh_phong,,2,86
29242,Phường Trà Vinh,phuong_tra_vinh,phường,tra_vinh,,2,86
29254,Phường Nguyệt Hóa,phuong_nguyet_hoa,phường,nguyet_hoa,,2,86
29263,Phường Long Đức,phuong_long_duc,phường,long_duc,,2,86
29266,Xã Càng Long,xa_cang_long,xã,cang_long,,2,86
29275,Xã An Trường,xa_an_truong,xã,an_truong,,2,86
29278,Xã Tân An,xa_tan_an,xã,tan_an,,2,86
29287,Xã Bình Phú,xa_binh_phu,xã,binh_phu,,2,86
29302,Xã Nhị Long,xa_nhi_long,xã,nhi_long,,2,86
29308,Xã Cầu Kè,xa_cau_ke,xã,cau_ke,,2,86
29317,Xã An Phú Tân,xa_an_phu_tan,xã,an_phu_tan,,2,86
29329,Xã Phong Thạnh,xa_phong_thanh,xã,phong_thanh,,2,86
29335,Xã Tam Ngãi,xa_tam_ngai,xã,tam_ngai,,2,86
29341,Xã Tiểu Cần,xa_tieu_can,xã,tieu_can,,2,86
29362,Xã Hùng Hòa,xa_hung_hoa,xã,hung_hoa,,2,86
29365,Xã Tập Ngãi,xa_tap_ngai,xã,tap_ngai,,2,86
29371,Xã Tân Hòa,xa_tan_hoa,xã,tan_hoa,,2,86
29374,Xã Châu Thành,xa_chau_thanh,xã,chau_thanh,,2,86
29386,Xã Song Lộc,xa_song_loc,xã,song_loc,,2,86
29398,Phường Hòa Thuận,phuong_hoa_thuan,phường,hoa_thuan,,2,86
29407,Xã Hưng Mỹ,xa_hung_my,xã,hung_my,,2,86
29410,Xã Hòa Minh,xa_hoa_minh,xã,hoa_minh,,2,86
29413,Xã Long Hòa,xa_long_hoa,xã,long_hoa,,2,86
29416,Xã Cầu Ngang,xa_cau_ngang,xã,cau_ngang,,2,86
29419,Xã Mỹ Long,xa_my_long,xã,my_long,,2,86
29431,Xã Vinh Kim,xa_vinh_kim,xã,vinh_kim,,2,86
29446,Xã Nhị Trường,xa_nhi_truong,xã,nhi_truong,,2,86
29455,Xã Hiệp Mỹ,xa_hiep_my,xã,hiep_my,,2,86
29461,Xã Trà Cú,xa_tra_cu,xã,tra_cu,,2,86
29467,Xã Tập Sơn,xa_tap_son,xã,tap_son,,2,86
29476,Xã Lưu Nghiệp Anh,xa_luu_nghiep_anh,xã,luu_nghiep_anh,,2,86
29489,Xã Hàm Giang,xa_ham_giang,xã,ham_giang,,2,86
29491,Xã Đại An,xa_dai_an,xã,dai_an,,2,86
29497,Xã Đôn Châu,xa_don_chau,xã,don_chau,,2,86
29506,Xã Long Hiệp,xa_long_hiep,xã,long_hiep,,2,86
29512,Phường Duyên Hải,phuong_duyen_hai,phường,duyen_hai,,2,86
29513,Xã Long Thành,xa_long_thanh,xã,long_thanh,,2,86
29516,Phường Trường Long Hòa,phuong_truong_long_hoa,phường,truong_long_hoa,,2,86
29518,Xã Long Hữu,xa_long_huu,xã,long_huu,,2,86
29530,Xã Ngũ Lạc,xa_ngu_lac,xã,ngu_lac,,2,86
29533,Xã Long Vĩnh,xa_long_vinh,xã,long_vinh,,2,86
29536,Xã Đông Hải,xa_dong_hai,xã,dong_hai,,2,86
29551,Phường Long Châu,phuong_long_chau,phường,long_chau,,2,86
29557,Phường Phước Hậu,phuong_phuoc_hau,phường,phuoc_hau,,2,86
29566,Phường Tân Ngãi,phuong_tan_ngai,phường,tan_ngai,,2,86
29584,Xã An Bình,xa_an_binh,xã,an_binh,,2,86
29590,Phường Thanh Đức,phuong_thanh_duc,phường,thanh_duc,,2,86
29593,Phường Tân Hạnh,phuong_tan_hanh,phường,tan_hanh,,2,86
29602,Xã Long Hồ,xa_long_ho,xã,long_ho,,2,86
29611,Xã Phú Quới,xa_phu_quoi,xã,phu_quoi,,2,86
29623,Xã Nhơn Phú,xa_nhon_phu,xã,nhon_phu,,2,86
29638,Xã Bình Phước,xa_binh_phuoc,xã,binh_phuoc,,2,86
29641,Xã Cái Nhum,xa_cai_nhum,xã,cai_nhum,,2,86
29653,Xã Tân Long Hội,xa_tan_long_hoi,xã,tan_long_hoi,,2,86
29659,Xã Trung Thành,xa_trung_thanh,xã,trung_thanh,,2,86
29668,Xã Quới An,xa_quoi_an,xã,quoi_an,,2,86
29677,Xã Quới Thiện,xa_quoi_thien,xã,quoi_thien,,2,86
29683,Xã Trung Hiệp,xa_trung_hiep,xã,trung_hiep,,2,86
29698,Xã Trung Ngãi,xa_trung_ngai,xã,trung_ngai,,2,86
29701,Xã Hiếu Phụng,xa_hieu_phung,xã,hieu_phung,,2,86
29713,Xã Hiếu Thành,xa_hieu_thanh,xã,hieu_thanh,,2,86
29719,Xã Tam Bình,xa_tam_binh,xã,tam_binh,,2,86
29728,Xã Cái Ngang,xa_cai_ngang,xã,cai_ngang,,2,86
29734,Xã Hòa Hiệp,xa_hoa_hiep,xã,hoa_hiep,,2,86
29740,Xã Song Phú,xa_song_phu,xã,song_phu,,2,86
29767,Xã Ngãi Tứ,xa_ngai_tu,xã,ngai_tu,,2,86
29770,Phường Cái Vồn,phuong_cai_von,phường,cai_von,,2,86
29771,Phường Bình Minh,phuong_binh_minh,phường,binh_minh,,2,86
29785,Xã Tân Lược,xa_tan_luoc,xã,tan_luoc,,2,86
29788,Xã Mỹ Thuận,xa_my_thuan,xã,my_thuan,,2,86
29800,Xã Tân Quới,xa_tan_quoi,xã,tan_quoi,,2,86
29812,Phường Đông Thành,phuong_dong_thanh,phường,dong_thanh,,2,86
29821,Xã Trà Ôn,xa_tra_on,xã,tra_on,,2,86
29830,Xã Hòa Bình,xa_hoa_binh,xã,hoa_binh,,2,86
29836,Xã Trà Côn,xa_tra_con,xã,tra_con,,2,86
29845,Xã Vĩnh Xuân,xa_vinh_xuan,xã,vinh_xuan,,2,86
29857,Xã Lục Sĩ Thành,xa_luc_si_thanh,xã,luc_si_thanh,,2,86
91,Tỉnh An Giang,an_giang,tỉnh,,296,1,
30292,Phường Bình Đức,phuong_binh_duc,phường,binh_duc,,2,91
30301,Phường Mỹ Thới,phuong_my_thoi,phường,my_thoi,,2,91
30307,Phường Long Xuyên,phuong_long_xuyen,phường,long_xuyen,,2,91
30313,Xã Mỹ Hòa Hưng,xa_my_hoa_hung,xã,my_hoa_hung,,2,91
30316,Phường Châu Đốc,phuong_chau_doc,phường,chau_doc,,2,91
30325,Phường Vĩnh Tế,phuong_vinh_te,phường,vinh_te,,2,91
30337,Xã An Phú,xa_an_phu,xã,an_phu,,2,91
30341,Xã Khánh Bình,xa_khanh_binh,xã,khanh_binh,,2,91
30346,Xã Nhơn Hội,xa_nhon_hoi,xã,nhon_hoi,,2,91
30352,Xã Phú Hữu,xa_phu_huu,xã,phu_huu,,2,91
30367,Xã Vĩnh Hậu,xa_vinh_hau,xã,vinh_hau,,2,91
30376,Phường Tân Châu,phuong_tan_chau,phường,tan_chau,,2,91
30377,Phường Long Phú,phuong_long_phu,phường,long_phu,,2,91
30385,Xã Vĩnh Xương,xa_vinh_xuong,xã,vinh_xuong,,2,91
30388,Xã Tân An,xa_tan_an,xã,tan_an,,2,91
30403,Xã Châu Phong,xa_chau_phong,xã,chau_phong,,2,91
30406,Xã Phú Tân,xa_phu_tan,xã,phu_tan,,2,91
30409,Xã Chợ Vàm,xa_cho_vam,xã,cho_vam,,2,91
30421,Xã Phú Lâm,xa_phu_lam,xã,phu_lam,,2,91
30430,Xã Hòa Lạc,xa_hoa_lac,xã,hoa_lac,,2,91
30436,Xã Phú An,xa_phu_an,xã,phu_an,,2,91
30445,Xã Bình Thạnh Đông,xa_binh_thanh_dong,xã,binh_thanh_dong,,2,91
30463,Xã Châu Phú,xa_chau_phu,xã,chau_phu,,2,91
30469,Xã Mỹ Đức,xa_my_duc,xã,my_duc,,2,91
30478,Xã Vĩnh Thạnh Trung,xa_vinh_thanh_trung,xã,vinh_thanh_trung,,2,91
30481,Xã Thạnh Mỹ Tây,xa_thanh_my_tay,xã,thanh_my_tay,,2,91
30487,Xã Bình Mỹ,xa_binh_my,xã,binh_my,,2,91
30502,Phường Thới Sơn,phuong_thoi_son,phường,thoi_son,,2,91
30505,Phường Chi Lăng,phuong_chi_lang,phường,chi_lang,,2,91
30520,Phường Tịnh Biên,phuong_tinh_bien,phường,tinh_bien,,2,91
30526,Xã An Cư,xa_an_cu,xã,an_cu,,2,91
30538,Xã Núi Cấm,xa_nui_cam,xã,nui_cam,,2,91
30544,Xã Tri Tôn,xa_tri_ton,xã,tri_ton,,2,91
30547,Xã Ba Chúc,xa_ba_chuc,xã,ba_chuc,,2,91
30568,Xã Vĩnh Gia,xa_vinh_gia,xã,vinh_gia,,2,91
30577,Xã Ô Lâm,xa_o_lam,xã,o_lam,,2,91
30580,Xã Cô Tô,xa_co_to,xã,co_to,,2,91
30589,Xã An Châu,xa_an_chau,xã,an_chau,,2,91
30595,Xã Cần Đăng,xa_can_dang,xã,can_dang,,2,91
30604,Xã Vĩnh An,xa_vinh_an,xã,vinh_an,,2,91
30607,Xã Bình Hòa,xa_binh_hoa,xã,binh_hoa,,2,91
30619,Xã Vĩnh Hanh,xa_vinh_hanh,xã,vinh_hanh,,2,91
30628,Xã Chợ Mới,xa_cho_moi,xã,cho_moi,,2,91
30631,Xã Long Điền,xa_long_dien,xã,long_dien,,2,91
30643,Xã Cù Lao Giêng,xa_cu_lao_gieng,xã,cu_lao_gieng,,2,91
30658,Xã Nhơn Mỹ,xa_nhon_my,xã,nhon_my,,2,91
30664,Xã Long Kiến,xa_long_kien,xã,long_kien,,2,91
30673,Xã Hội An,xa_hoi_an,xã,hoi_an,,2,91
30682,Xã Thoại Sơn,xa_thoai_son,xã,thoai_son,,2,91
30685,Xã Phú Hòa,xa_phu_hoa,xã,phu_hoa,,2,91
30688,Xã Óc Eo,xa_oc_eo,xã,oc_eo,,2,91
30691,Xã Tây Phú,xa_tay_phu,xã,tay_phu,,2,91
30697,Xã Vĩnh Trạch,xa_vinh_trach,xã,vinh_trach,,2,91
30709,Xã Định Mỹ,xa_dinh_my,xã,dinh_my,,2,91
30742,Phường Rạch Giá,phuong_rach_gia,phường,rach_gia,,2,91
30760,Phường Vĩnh Thông,phuong_vinh_thong,phường,vinh_thong,,2,91
30766,Phường Tô Châu,phuong_to_chau,phường,to_chau,,2,91
30769,Phường Hà Tiên,phuong_ha_tien,phường,ha_tien,,2,91
30781,Xã Tiên Hải,xa_tien_hai,xã,tien_hai,,2,91
30787,Xã Kiên Lương,xa_kien_luong,xã,kien_luong,,2,91
30790,Xã Hòa Điền,xa_hoa_dien,xã,hoa_dien,,2,91
30793,Xã Vĩnh Điều,xa_vinh_dieu,xã,vinh_dieu,,2,91
30796,Xã Giang Thành,xa_giang_thanh,xã,giang_thanh,,2,91
30811,Xã Sơn Hải,xa_son_hai,xã,son_hai,,2,91
30814,Xã Hòn Nghệ,xa_hon_nghe,xã,hon_nghe,,2,91
30817,Xã Hòn Đất,xa_hon_dat,xã,hon_dat,,2,91
30823,Xã Bình Sơn,xa_binh_son,xã,binh_son,,2,91
30826,Xã Bình Giang,xa_binh_giang,xã,binh_giang,,2,91
30835,Xã Sơn Kiên,xa_son_kien,xã,son_kien,,2,91
30838,Xã Mỹ Thuận,xa_my_thuan,xã,my_thuan,,2,91
30850,Xã Tân Hiệp,xa_tan_hiep,xã,tan_hiep,,2,91
30856,Xã Tân Hội,xa_tan_hoi,xã,tan_hoi,,2,91
30874,Xã Thạnh Đông,xa_thanh_dong,xã,thanh_dong,,2,91
30880,Xã Châu Thành,xa_chau_thanh,xã,chau_thanh,,2,91
30886,Xã Thạnh Lộc,xa_thanh_loc,xã,thanh_loc,,2,91
30898,Xã Bình An,xa_binh_an,xã,binh_an,,2,91
30904,Xã Giồng Riềng,xa_giong_rieng,xã,giong_rieng,,2,91
30910,Xã Thạnh Hưng,xa_thanh_hung,xã,thanh_hung,,2,91
30928,Xã Ngọc Chúc,xa_ngoc_chuc,xã,ngoc_chuc,,2,91
30934,Xã Hòa Hưng,xa_hoa_hung,xã,hoa_hung,,2,91
30943,Xã Long Thạnh,xa_long_thanh,xã,long_thanh,,2,91
30949,Xã Hòa Thuận,xa_hoa_thuan,xã,hoa_thuan,,2,91
30952,Xã Gò Quao,xa_go_quao,xã,go_quao,,2,91
30958,Xã Định Hòa,xa_dinh_hoa,xã,dinh_hoa,,2,91
30970,Xã Vĩnh Hòa Hưng,xa_vinh_hoa_hung,xã,vinh_hoa_hung,,2,91
30982,Xã Vĩnh Tuy,xa_vinh_tuy,xã,vinh_tuy,,2,91
30985,Xã An Biên,xa_an_bien,xã,an_bien,,2,91
30988,Xã Tây Yên,xa_tay_yen,xã,tay_yen,,2,91
31006,Xã Đông Thái,xa_dong_thai,xã,dong_thai,,2,91
31012,Xã Vĩnh Hòa,xa_vinh_hoa,xã,vinh_hoa,,2,91
31018,Xã An Minh,xa_an_minh,xã,an_minh,,2,91
31024,Xã Đông Hòa,xa_dong_hoa,xã,dong_hoa,,2,91
31027,Xã U Minh Thượng,xa_u_minh_thuong,xã,u_minh_thuong,,2,91
31031,Xã Tân Thạnh,xa_tan_thanh,xã,tan_thanh,,2,91
31036,Xã Đông Hưng,xa_dong_hung,xã,dong_hung,,2,91
31042,Xã Vân Khánh,xa_van_khanh,xã,van_khanh,,2,91
31051,Xã Vĩnh Phong,xa_vinh_phong,xã,vinh_phong,,2,91
31064,Xã Vĩnh Bình,xa_vinh_binh,xã,vinh_binh,,2,91
31069,Xã Vĩnh Thuận,xa_vinh_thuan,xã,vinh_thuan,,2,91
31078,Đặc khu Phú Quốc,dac_khu_phu_quoc,đặc khu,phu_quoc,,2,91
31105,Đặc khu Thổ Châu,dac_khu_tho_chau,đặc khu,tho_chau,,2,91
31108,Đặc khu Kiên Hải,dac_khu_kien_hai,đặc khu,kien_hai,,2,91
92,Thành phố Cần Thơ,can_tho,thành phố trung ương,,292,1,
31120,Phường Cái Khế,phuong_cai_khe,phường,cai_khe,,2,92
31135,Phường Ninh Kiều,phuong_ninh_kieu,phường,ninh_kieu,,2,92
31147,Phường Tân An,phuong_tan_an,phường,tan_an,,2,92
31150,Phường An Bình,phuong_an_binh,phường,an_binh,,2,92
31153,Phường Ô Môn,phuong_o_mon,phường,o_mon,,2,92
31157,Phường Thới Long,phuong_thoi_long,phường,thoi_long,,2,92
31162,Phường Phước Thới,phuong_phuoc_thoi,phường,phuoc_thoi,,2,92
31168,Phường Bình Thủy,phuong_binh_thuy,phường,binh_thuy,,2,92
31174,Phường Thới An Đông,phuong_thoi_an_dong,phường,thoi_an_dong,,2,92
31183,Phường Long Tuyền,phuong_long_tuyen,phường,long_tuyen,,2,92
31186,Phường Cái Răng,phuong_cai_rang,phường,cai_rang,,2,92
31201,Phường Hưng Phú,phuong_hung_phu,phường,hung_phu,,2,92
31207,Phường Thốt Nốt,phuong_thot_not,phường,thot_not,,2,92
31213,Phường Tân Lộc,phuong_tan_loc,phường,tan_loc,,2,92
31217,Phường Trung Nhứt,phuong_trung_nhut,phường,trung_nhut,,2,92
31228,Phường Thuận Hưng,phuong_thuan_hung,phường,thuan_hung,,2,92
31231,Xã Thạnh An,xa_thanh_an,xã,thanh_an,,2,92
31232,Xã Vĩnh Thạnh,xa_vinh_thanh,xã,vinh_thanh,,2,92
31237,Xã Vĩnh Trinh,xa_vinh_trinh,xã,vinh_trinh,,2,92
31246,Xã Thạnh Quới,xa_thanh_quoi,xã,thanh_quoi,,2,92
31249,Xã Thạnh Phú,xa_thanh_phu,xã,thanh_phu,,2,92
31255,Xã Trung Hưng,xa_trung_hung,xã,trung_hung,,2,92
31258,Xã Thới Lai,xa_thoi_lai,xã,thoi_lai,,2,92
31261,Xã Cờ Đỏ,xa_co_do,xã,co_do,,2,92
31264,Xã Thới Hưng,xa_thoi_hung,xã,thoi_hung,,2,92
31273,Xã Đông Hiệp,xa_dong_hiep,xã,dong_hiep,,2,92
31282,Xã Đông Thuận,xa_dong_thuan,xã,dong_thuan,,2,92
31288,Xã Trường Thành,xa_truong_thanh,xã,truong_thanh,,2,92
31294,Xã Trường Xuân,xa_truong_xuan,xã,truong_xuan,,2,92
31299,Xã Phong Điền,xa_phong_dien,xã,phong_dien,,2,92
31309,Xã Trường Long,xa_truong_long,xã,truong_long,,2,92
31315,Xã Nhơn Ái,xa_nhon_ai,xã,nhon_ai,,2,92
31321,Phường Vị Thanh,phuong_vi_thanh,phường,vi_thanh,,2,92
31333,Phường Vị Tân,phuong_vi_tan,phường,vi_tan,,2,92
31338,Xã Hỏa Lựu,xa_hoa_luu,xã,hoa_luu,,2,92
31340,Phường Ngã Bảy,phuong_nga_bay,phường,nga_bay,,2,92
31342,Xã Tân Hòa,xa_tan_hoa,xã,tan_hoa,,2,92
31348,Xã Trường Long Tây,xa_truong_long_tay,xã,truong_long_tay,,2,92
31360,Xã Thạnh Xuân,xa_thanh_xuan,xã,thanh_xuan,,2,92
31366,Xã Châu Thành,xa_chau_thanh,xã,chau_thanh,,2,92
31369,Xã Đông Phước,xa_dong_phuoc,xã,dong_phuoc,,2,92
31378,Xã Phú Hữu,xa_phu_huu,xã,phu_huu,,2,92
31393,Xã Hòa An,xa_hoa_an,xã,hoa_an,,2,92
31396,Xã Hiệp Hưng,xa_hiep_hung,xã,hiep_hung,,2,92
31399,Xã Tân Bình,xa_tan_binh,xã,tan_binh,,2,92
31408,Xã Thạnh Hòa,xa_thanh_hoa,xã,thanh_hoa,,2,92
31411,Phường Đại Thành,phuong_dai_thanh,phường,dai_thanh,,2,92
31420,Xã Phụng Hiệp,xa_phung_hiep,xã,phung_hiep,,2,92
31426,Xã Phương Bình,xa_phuong_binh,xã,binh,,2,92
31432,Xã Tân Phước Hưng,xa_tan_phuoc_hung,xã,tan_phuoc_hung,,2,92
31441,Xã Vị Thủy,xa_vi_thuy,xã,vi_thuy,,2,92
31453,Xã Vĩnh Thuận Đông,xa_vinh_thuan_dong,xã,vinh_thuan_dong,,2,92
31459,Xã Vĩnh Tường,xa_vinh_tuong,xã,vinh_tuong,,2,92
31465,Xã Vị Thanh 1,xa_vi_thanh_1,xã,vi_thanh_1,,2,92
31471,Phường Long Mỹ,phuong_long_my,phường,long_my,,2,92
31473,Phường Long Bình,phuong_long_binh,phường,long_binh,,2,92
31480,Phường Long Phú 1,phuong_long_phu_1,phường,long_phu_1,,2,92
31489,Xã Vĩnh Viễn,xa_vinh_vien,xã,vinh_vien,,2,92
31492,Xã Lương Tâm,xa_luong_tam,xã,luong_tam,,2,92
31495,Xã Xà Phiên,xa_xa_phien,xã,xa_phien,,2,92
31507,Phường Sóc Trăng,phuong_soc_trang,phường,soc_trang,,2,92
31510,Phường Phú Lợi,phuong_phu_loi,phường,phu_loi,,2,92
31528,Xã Kế Sách,xa_ke_sach,xã,ke_sach,,2,92
31531,Xã An Lạc Thôn,xa_an_lac_thon,xã,an_lac_thon,,2,92
31537,Xã Phong Nẫm,xa_phong_nam,xã,phong_nam,,2,92
31540,Xã Thới An Hội,xa_thoi_an_hoi,xã,thoi_an_hoi,,2,92
31552,Xã Nhơn Mỹ,xa_nhon_my,xã,nhon_my,,2,92
31561,Xã Đại Hải,xa_dai_hai,xã,dai_hai,,2,92
31567,Xã Mỹ Tú,xa_my_tu,xã,my_tu,,2,92
31569,Xã Phú Tâm,xa_phu_tam,xã,phu_tam,,2,92
31570,Xã Hồ Đắc Kiện,xa_ho_dac_kien,xã,ho_dac_kien,,2,92
31579,Xã Long Hưng,xa_long_hung,xã,long_hung,,2,92
31582,Xã Thuận Hòa,xa_thuan_hoa,xã,thuan_hoa,,2,92
31591,Xã Mỹ Hương,xa_my_huong,xã,my_huong,,2,92
31594,Xã An Ninh,xa_an_ninh,xã,an_ninh,,2,92
31603,Xã Mỹ Phước,xa_my_phuoc,xã,my_phuoc,,2,92
31615,Xã An Thạnh,xa_an_thanh,xã,an_thanh,,2,92
31633,Xã Cù Lao Dung,xa_cu_lao_dung,xã,cu_lao_dung,,2,92
31639,Xã Long Phú,xa_long_phu,xã,long_phu,,2,92
31645,Xã Đại Ngãi,xa_dai_ngai,xã,dai_ngai,,2,92
31654,Xã Trường Khánh,xa_truong_khanh,xã,truong_khanh,,2,92
31666,Xã Tân Thạnh,xa_tan_thanh,xã,tan_thanh,,2,92
31673,Xã Trần Đề,xa_tran_de,xã,tran_de,,2,92
31675,Xã Liêu Tú,xa_lieu_tu,xã,lieu_tu,,2,92
31679,Xã Lịch Hội Thượng,xa_lich_hoi_thuong,xã,lich_hoi_thuong,,2,92
31684,Phường Mỹ Xuyên,phuong_my_xuyen,phường,my_xuyen,,2,92
31687,Xã Tài Văn,xa_tai_van,xã,tai_van,,2,92
31699,Xã Thạnh Thới An,xa_thanh_thoi_an,xã,thanh_thoi_an,,2,92
31708,Xã Nhu Gia,xa_nhu_gia,xã,nhu_gia,,2,92
31717,Xã Hòa Tú,xa_hoa_tu,xã,hoa_tu,,2,92
31723,Xã Ngọc Tố,xa_ngoc_to,xã,ngoc_to,,2,92
31726,Xã Gia Hòa,xa_gia_hoa,xã,gia_hoa,,2,92
31732,Phường Ngã Năm,phuong_nga_nam,phường,nga_nam,,2,92
31741,Xã Tân Long,xa_tan_long,xã,tan_long,,2,92
31753,Phường Mỹ Quới,phuong_my_quoi,phường,my_quoi,,2,92
31756,Xã Phú Lộc,xa_phu_loc,xã,phu_loc,,2,92
31759,Xã Lâm Tân,xa_lam_tan,xã,lam_tan,,2,92
31777,Xã Vĩnh Lợi,xa_vinh_loi,xã,vinh_loi,,2,92
31783,Phường Vĩnh Châu,phuong_vinh_chau,phường,vinh_chau,,2,92
31789,Phường Khánh Hòa,phuong_khanh_hoa,phường,khanh_hoa,,2,92
31795,Xã Vĩnh Hải,xa_vinh_hai,xã,vinh_hai,,2,92
31804,Phường Vĩnh Phước,phuong_vinh_phuoc,phường,vinh_phuoc,,2,92
31810,Xã Lai Hòa,xa_lai_hoa,xã,lai_hoa,,2,92
96,Tỉnh Cà Mau,ca_mau,tỉnh,,290,1,
31825,Phường Bạc Liêu,phuong_bac_lieu,phường,bac_lieu,,2,96
31834,Phường Vĩnh Trạch,phuong_vinh_trach,phường,vinh_trach,,2,96
31840,Phường Hiệp Thành,phuong_hiep_thanh,phường,hiep_thanh,,2,96
31843,Xã Hồng Dân,xa_hong_dan,xã,hong_dan,,2,96
31849,Xã Ninh Quới,xa_ninh_quoi,xã,ninh_quoi,,2,96
31858,Xã Vĩnh Lộc,xa_vinh_loc,xã,vinh_loc,,2,96
31864,Xã Ninh Thạnh Lợi,xa_ninh_thanh_loi,xã,ninh_thanh_loi,,2,96
31867,Xã Phước Long,xa_phuoc_long,xã,phuoc_long,,2,96
31876,Xã Vĩnh Phước,xa_vinh_phuoc,xã,vinh_phuoc,,2,96
31882,Xã Vĩnh Thanh,xa_vinh_thanh,xã,vinh_thanh,,2,96
31885,Xã Phong Hiệp,xa_phong_hiep,xã,phong_hiep,,2,96
31891,Xã Hòa Bình,xa_hoa_binh,xã,hoa_binh,,2,96
31894,Xã Châu Thới,xa_chau_thoi,xã,chau_thoi,,2,96
31900,Xã Vĩnh Lợi,xa_vinh_loi,xã,vinh_loi,,2,96
31906,Xã Hưng Hội,xa_hung_hoi,xã,hung_hoi,,2,96
31918,Xã Vĩnh Mỹ,xa_vinh_my,xã,vinh_my,,2,96
31927,Xã Vĩnh Hậu,xa_vinh_hau,xã,vinh_hau,,2,96
31942,Phường Giá Rai,phuong_gia_rai,phường,gia_rai,,2,96
31951,Phường Láng Tròn,phuong_lang_tron,phường,lang_tron,,2,96
31957,Xã Phong Thạnh,xa_phong_thanh,xã,phong_thanh,,2,96
31972,Xã Gành Hào,xa_ganh_hao,xã,ganh_hao,,2,96
31975,Xã Đông Hải,xa_dong_hai,xã,dong_hai,,2,96
31985,Xã Long Điền,xa_long_dien,xã,long_dien,,2,96
31988,Xã An Trạch,xa_an_trach,xã,an_trach,,2,96
31993,Xã Định Thành,xa_dinh_thanh,xã,dinh_thanh,,2,96
32002,Phường An Xuyên,phuong_an_xuyen,phường,an_xuyen,,2,96
32014,Phường Lý Văn Lâm,phuong_ly_van_lam,phường,ly_van_lam,,2,96
32025,Phường Tân Thành,phuong_tan_thanh,phường,tan_thanh,,2,96
32041,Phường Hòa Thành,phuong_hoa_thanh,phường,hoa_thanh,,2,96
32044,Xã Nguyễn Phích,xa_nguyen_phich,xã,nguyen_phich,,2,96
32047,Xã U Minh,xa_u_minh,xã,u_minh,,2,96
32059,Xã Khánh An,xa_khanh_an,xã,khanh_an,,2,96
32062,Xã Khánh Lâm,xa_khanh_lam,xã,khanh_lam,,2,96
32065,Xã Thới Bình,xa_thoi_binh,xã,thoi_binh,,2,96
32069,Xã Biển Bạch,xa_bien_bach,xã,bien_bach,,2,96
32071,Xã Trí Phải,xa_tri_phai,xã,tri_phai,,2,96
32083,Xã Tân Lộc,xa_tan_loc,xã,tan_loc,,2,96
32092,Xã Hồ Thị Kỷ,xa_ho_thi_ky,xã,ho_thi_ky,,2,96
32095,Xã Trần Văn Thời,xa_tran_van_thoi,xã,tran_van_thoi,,2,96
32098,Xã Sông Đốc,xa_song_doc,xã,song_doc,,2,96
32104,Xã Đá Bạc,xa_da_bac,xã,da_bac,,2,96
32110,Xã Khánh Bình,xa_khanh_binh,xã,khanh_binh,,2,96
32119,Xã Khánh Hưng,xa_khanh_hung,xã,khanh_hung,,2,96
32128,Xã Cái Nước,xa_cai_nuoc,xã,cai_nuoc,,2,96
32134,Xã Lương Thế Trân,xa_luong_the_tran,xã,luong_the_tran,,2,96
32137,Xã Tân Hưng,xa_tan_hung,xã,tan_hung,,2,96
32140,Xã Hưng Mỹ,xa_hung_my,xã,hung_my,,2,96
32152,Xã Đầm Dơi,xa_dam_doi,xã,dam_doi,,2,96
32155,Xã Tạ An Khương,xa_ta_an_khuong,xã,ta_an_khuong,,2,96
32161,Xã Trần Phán,xa_tran_phan,xã,tran_phan,,2,96
32167,Xã Tân Thuận,xa_tan_thuan,xã,tan_thuan,,2,96
32182,Xã Quách Phẩm,xa_quach_pham,xã,quach_pham,,2,96
32185,Xã Thanh Tùng,xa_thanh_tung,xã,thanh_tung,,2,96
32188,Xã Tân Tiến,xa_tan_tien,xã,tan_tien,,2,96
32191,Xã Năm Căn,xa_nam_can,xã,nam_can,,2,96
32201,Xã Đất Mới,xa_dat_moi,xã,dat_moi,,2,96
32206,Xã Tam Giang,xa_tam_giang,xã,tam_giang,,2,96
32212,Xã Cái Đôi Vàm,xa_cai_doi_vam,xã,cai_doi_vam,,2,96
32214,Xã Phú Mỹ,xa_phu_my,xã,phu_my,,2,96
32218,Xã Phú Tân,xa_phu_tan,xã,phu_tan,,2,96
32227,Xã Nguyễn Việt Khái,xa_nguyen_viet_khai,xã,nguyen_viet_khai,,2,96
32236,Xã Tân Ân,xa_tan_an,xã,tan_an,,2,96
32244,Xã Phan Ngọc Hiển,xa_phan_ngoc_hien,xã,phan_ngoc_hien,,2,96
32248,Xã Đất Mũi,xa_dat_mui,xã,dat_mui,,2,96